,Unnamed: 0,App,Category,Rating,Reviews,Size,Installs,Type,Price,Content Rating,Genres,Last Updated,Age Restriction,sentiment score
0,1544,Apk Installer,Libraries and demo,3.8,7750,299008,1000000,Free,0.0,Everyone,Libraries & Demo,2011-06-29,0,1.2592592592592593
1,1523,Aviary Stickers: Free Pack,Libraries and demo,3.5,126862,638976,10000000,Free,0.0,Everyone,Libraries & Demo,2012-01-17,0,2.5945945945945947
2,1521,Aviary Effects: Classic,Libraries and demo,3.8,67007,237568,5000000,Free,0.0,Everyone,Libraries & Demo,2013-03-06,0,1.4594594594594594
3,3517,File Explorer,Productivity,4.1,979,737280,100000,Free,0.0,Everyone,Productivity,2013-09-30,0,1.565217391304348
4,770,GRE Tutor,Education,4.0,275,2411724,50000,Free,0.0,Everyone,Education,2013-12-02,0,3.948717948717949
5,3407,Fancy Widgets,Personalization,4.2,37237,4089446,5000000,Free,0.0,Everyone,Personalization,2014-04-04,0,4.25
6,3280,HTC Sense Input-AR,Tools,3.8,1420,2831155,100000,Free,0.0,Everyone,Tools,2014-04-22,0,1.425
7,3418,Galactic Core Free Wallpaper,Personalization,4.1,69417,873472,10000000,Free,0.0,Everyone,Personalization,2014-05-01,0,4.333333333333333
8,458,GO Notifier,Communication,4.2,124346,711680,10000000,Free,0.0,Everyone,Communication,2014-07-06,0,1.6176470588235294
9,1412,Eat Fit - Diet and Health Free,Health and fitness,4.1,2469,3774873,100000,Free,0.0,Everyone,Health & Fitness,2014-07-23,0,2.1666666666666665
10,2252,Essential Anatomy 3,Medical,4.1,1533,44040192,50000,Paid,11.99,Mature 17+,Medical,2014-08-07,17,3.65
11,753,C++ Tutorials,Education,4.1,358,1992294,50000,Free,0.0,Everyone,Education,2014-08-21,0,2.3333333333333335
12,2192,Dr. Panda & Toto's Treehouse,Family,4.4,3396,9961472,50000,Paid,3.99,Everyone,Casual,2014-12-09,0,5.527777777777778
13,817,Homework Planner,Education,4.0,2525,1258291,100000,Free,0.0,Everyone,Education,2015-01-11,0,3.864864864864865
14,2508,High Blood Pressure Symptoms,Medical,4.0,531,2411724,100000,Free,0.0,Everyone,Medical,2015-01-18,0,2.2972972972972974
15,6626,High Blood Pressure Symptoms,Medical,4.3,46,2097152,10000,Free,0.0,Everyone,Medical,2017-04-05,0,2.2972972972972974
16,3696,Droid Zap by Motorola,Video players,3.8,2093,16618796,5000000,Free,0.0,Everyone,Video Players & Editors,2015-02-03,0,-0.2
17,3694,HTC Service‚ÄîVideo Player,Video players,4.2,6449,16618796,5000000,Free,0.0,Everyone,Video Players & Editors,2015-02-13,0,0.6
18,2652,Couple - Relationship App,Social,4.0,33249,8808038,1000000,Free,0.0,Everyone,Social,2015-03-05,0,9.608695652173912
19,1498,Bathroom Decorating Ideas,House and home,4.1,2427,5557452,500000,Free,0.0,Everyone,House & Home,2015-03-12,0,1.95
20,1492,Apartment Decorating Ideas,House and home,3.9,1478,5976883,100000,Free,0.0,Everyone,House & Home,2015-03-13,0,4.0
21,2513,Blood Pressure,Medical,4.2,10,2516582,1000,Free,0.0,Everyone,Medical,2015-03-14,0,3.5128205128205128
22,6585,Blood Pressure,Medical,4.2,33033,7759462,5000000,Free,0.0,Everyone,Medical,2018-07-24,0,3.5128205128205128
23,769,GMAT Question Bank,Education,4.2,240,30408704,10000,Free,0.0,Everyone,Education,2015-04-29,0,1.0294117647058822
24,3944,Four In A Line,Game,3.8,22191,3145728,1000000,Free,0.0,Everyone,Board,2015-05-04,0,3.1311475409836067
25,3988,C Programming,Family,4.3,22248,1887436,1000000,Free,0.0,Everyone,Education,2015-06-28,0,3.657142857142857
26,3225,Airport + Flight Tracker Radar,Travel and local,4.2,6762,8912896,1000000,Free,0.0,Everyone,Travel & Local,2015-07-14,0,1.5454545454545454
27,144,Cool Reader,Books and reference,4.5,246315,13772056,10000000,Free,0.0,Everyone,Books & Reference,2015-07-17,0,2.289473684210526
28,2615,Banjo,Social,4.2,58341,9751756,1000000,Free,0.0,Everyone,Social,2015-07-25,0,2.230769230769231
29,754,C++ Programming,Education,4.3,11904,1887436,1000000,Free,0.0,Everyone,Education,2015-08-22,0,1.6111111111111112
30,3939,Be A Legend: Soccer,Sports,3.8,85763,22020096,1000000,Free,0.0,Everyone,Sports,2015-08-24,0,-0.3673469387755102
31,2891,HD Camera Ultra,Photography,4.3,462152,1572864,10000000,Free,0.0,Everyone,Photography,2015-10-17,0,3.0
32,3688,HTC Service Ôºç DLNA,Video players,3.9,3484,3145728,10000000,Free,0.0,Everyone,Video Players & Editors,2015-12-03,0,-1.6486486486486487
33,3497,7 Weeks - Habit & Goal Tracker,Productivity,4.4,6011,4508876,500000,Free,0.0,Everyone,Productivity,2015-12-19,0,4.785714285714286
34,2600,Blogger,Social,3.7,138026,2831155,5000000,Free,0.0,Mature 17+,Social,2016-02-29,17,2.4210526315789473
35,3778,Digg,News and magazines,3.9,6105,13075903,100000,Free,0.0,Teen,News & Magazines,2016-03-11,13,0.9090909090909091
36,3167,Find Dining Restaurant Finder,Travel and local,4.1,427,27262976,100000,Free,0.0,Everyone,Travel & Local,2016-03-21,0,4.714285714285714
37,3304,Graphing Calculator,Tools,3.9,12388,5557452,1000000,Free,0.0,Everyone,Tools,2016-04-01,0,1.7848101265822784
38,424,DU Browser‚ÄîBrowse fast & fun,Communication,4.3,1133501,4928307,10000000,Free,0.0,Everyone,Communication,2016-04-01,0,1.95
39,3468,Archos File Manager,Productivity,4.0,2131,2411724,5000000,Free,0.0,Everyone,Productivity,2016-04-22,0,0.5483870967741935
40,3406,DashClock Widget,Personalization,4.1,62301,1992294,1000000,Free,0.0,Everyone,Personalization,2016-05-11,0,0.0
41,3700,HTC Gallery,Video players,4.1,45744,16618796,10000000,Free,0.0,Everyone,Video Players & Editors,2016-06-03,0,-0.35714285714285715
42,450,Caller ID +,Communication,4.0,9498,120832,1000000,Free,0.0,Everyone,Communication,2016-06-07,0,-2.0
43,2577,HTC Social Plugin - Facebook,Social,3.6,13223,2936012,10000000,Free,0.0,Mature 17+,Social,2016-06-08,17,-1.3846153846153846
44,1580,HTC Speak,Lifestyle,3.5,6145,13631488,10000000,Free,0.0,Everyone,Lifestyle,2016-06-30,0,-0.7692307692307693
45,2123,Equestria Girls,Family,4.3,392596,55574528,10000000,Free,0.0,Everyone,Role Playing,2016-07-22,0,3.081081081081081
46,3244,Account Manager,Tools,4.1,76604,9196251,100000000,Free,0.0,Everyone,Tools,2016-07-27,0,-1.8484848484848484
47,3484,Advanced Task Killer,Productivity,4.4,577059,1572864,50000000,Free,0.0,Everyone,Productivity,2016-08-07,0,0.5333333333333333
48,3078,850 Sports News Digest,Sports,4.6,539,25226801,10000,Free,0.0,Everyone,Sports,2016-08-23,0,4.9743589743589745
49,6911,Beautiful Widgets Pro,Personalization,4.2,97890,14680064,1000000,Paid,2.49,Everyone,Personalization,2016-08-24,0,1.972972972972973
50,1396,Calorie Counter - Macros,Health and fitness,4.0,3061,5767168,100000,Free,0.0,Everyone,Health & Fitness,2016-08-27,0,3.81
51,2393,Free Hypnosis,Medical,4.2,4303,19990306,100000,Free,0.0,Everyone,Medical,2016-09-06,0,4.266666666666667
52,2531,ConnectLine,Medical,3.1,253,4404019,50000,Free,0.0,Everyone,Medical,2016-09-12,0,1.5263157894736843
53,885,BBC Media Player,Entertainment,3.4,87384,24120802,10000000,Free,0.0,Everyone,Entertainment,2016-09-14,0,0.25
54,812,HomeWork,Education,4.3,16195,5452595,1000000,Free,0.0,Everyone,Education,2016-09-20,0,6.0
55,1604,Fashion in Vogue,Lifestyle,3.8,1797,7130316,100000,Free,0.0,Everyone,Lifestyle,2016-09-27,0,0.9026548672566371
56,1637,Home Scouting¬Æ MLS Mobile,Lifestyle,4.3,1533,8074035,100000,Free,0.0,Everyone,Lifestyle,2016-09-27,0,0.8125
57,2359,Banfield Pet Health Tracker,Medical,4.2,1747,6186598,100000,Free,0.0,Everyone,Medical,2016-10-17,0,0.325
58,6914,Beautiful Widgets Free,Personalization,3.9,25035,14680064,1000000,Free,0.0,Everyone,Personalization,2016-10-20,0,-0.125
59,1569,Easy Makeup Tutorials,Lifestyle,4.3,7287,5242880,1000000,Free,0.0,Everyone,Lifestyle,2016-11-03,0,1.4722222222222223
60,3873,A Call From Santa Claus!,Family,3.9,3720,11534336,1000000,Free,0.0,Everyone,Entertainment,2016-12-04,0,2.3823529411764706
61,3519,AndroZip‚Ñ¢ FREE File Manager,Productivity,4.2,277794,12911877,10000000,Free,0.0,Everyone,Productivity,2016-12-07,0,1.0
62,3405,HD Widgets,Personalization,4.3,58617,27262976,1000000,Paid,0.99,Everyone,Personalization,2016-12-07,0,1.7741935483870968
63,3494,Hacker's Keyboard,Productivity,4.4,41418,1258291,1000000,Free,0.0,Everyone,Productivity,2016-12-11,0,4.175
64,1590,H Pack,Lifestyle,4.3,9412,1782579,1000000,Free,0.0,Everyone,Lifestyle,2016-12-17,0,0.05
65,1837,Call of Duty:Black Ops Zombies,Game,4.2,13004,48234496,100000,Paid,6.99,Teen,Action,2016-12-20,13,-0.6666666666666666
66,816,Common Core,Education,4.0,835,15728640,100000,Free,0.0,Everyone,Education,2016-12-20,0,1.625
67,3875,A Word A Day,Family,3.7,2398,3040870,500000,Free,0.0,Everyone,Education,2017-01-05,0,2.75
68,3552,Calendar+ Schedule Planner App,Productivity,4.0,8985,5976883,1000000,Free,0.0,Everyone,Productivity,2017-01-16,0,15.0
69,2894,HD Camera Pro for Android,Photography,4.1,49211,1992294,1000000,Free,0.0,Everyone,Photography,2017-01-19,0,0.8823529411764706
70,3397,Freeme Launcher‚ÄîStylish Theme,Personalization,4.1,2828,7759462,100000,Free,0.0,Everyone,Personalization,2017-01-22,0,1.7428571428571429
71,696,Free Dating Hook Up Messenger,Dating,3.3,1157,22020096,100000,Free,0.0,Mature 17+,Dating,2017-01-27,17,5.640625
72,510,BeWild Free Dating & Chat App,Dating,3.4,1999,8388608,100000,Free,0.0,Mature 17+,Dating,2017-02-03,17,5.631578947368421
73,1407,10 Best Foods for You,Health and fitness,4.0,2490,3984588,500000,Free,0.0,Everyone 10+,Health & Fitness,2017-02-17,10,3.288659793814433
74,133,Dresses Ideas & Fashions +3000,Beauty,4.5,473,8598323,100000,Free,0.0,Mature 17+,Beauty,2017-03-01,17,1.7586206896551724
75,429,ExDialer - Dialer & Contacts,Communication,4.2,125232,2831155,10000000,Free,0.0,Everyone,Communication,2017-03-05,0,2.0689655172413794
76,1652,7 Day Food Journal Challenge,Lifestyle,4.5,3346,14680064,100000,Free,0.0,Teen,Lifestyle,2017-03-08,13,2.0
77,3364,Funny Alarm Clock Ringtones,Personalization,4.5,15633,14680064,1000000,Free,0.0,Everyone,Personalization,2017-03-09,0,1.2592592592592593
78,5433,DINO HUNTER: DEADLY SHORES,Game,4.4,1381624,56623104,10000000,Free,0.0,Teen,Action,2017-03-14,13,2.5652173913043477
79,10118,FilterGrid - Cam&Photo Editor,Photography,4.6,126338,10066329,1000000,Free,0.0,Everyone,Photography,2017-03-15,0,0.7714285714285715
80,3264,HTC Lock Screen,Tools,4.1,28250,9196251,10000000,Free,0.0,Everyone,Tools,2017-03-21,0,-0.3076923076923077
81,8670,Dude Perfect 2,Game,4.5,401648,73400320,10000000,Free,0.0,Everyone,Action,2017-04-12,0,5.25
82,3470,ASUS SuperNote,Productivity,4.5,26559,12911877,10000000,Free,0.0,Everyone,Productivity,2017-04-14,0,1.7391304347826086
83,4060,Bad Piggies,Family,4.3,1168959,69206016,50000000,Free,0.0,Everyone,Puzzle,2017-05-03,0,1.896103896103896
84,3271,HTC Sense Input,Tools,3.4,17030,9196251,10000000,Free,0.0,Everyone,Tools,2017-05-12,0,0.075
85,2601,Bloglovin',Social,3.9,8936,16760299,500000,Free,0.0,Everyone,Social,2017-05-18,0,1.7692307692307692
86,3938,Draw A Stickman,Game,3.4,29265,17825792,1000000,Free,0.0,Everyone,Adventure,2017-05-19,0,0.0
87,3791,AP Mobile - Breaking News,News and magazines,4.5,76677,4823449,1000000,Free,0.0,Everyone 10+,News & Magazines,2017-05-25,10,2.0555555555555554
88,3886,Find a Way: Addictive Puzzle,Family,4.8,39480,14680064,500000,Free,0.0,Everyone,Puzzle,2017-06-16,0,4.866666666666666
89,3308,ConvertPad - Unit Converter,Tools,4.4,90831,4508876,10000000,Free,0.0,Everyone,Tools,2017-06-18,0,1.15
90,2951,Font Studio- Photo Texts Image,Photography,4.2,197295,25165824,10000000,Free,0.0,Everyone,Photography,2017-06-23,0,1.1176470588235294
91,996,Funny Pics,Entertainment,3.9,9941,24120802,1000000,Free,0.0,Teen,Entertainment,2017-07-07,13,3.8666666666666667
92,2505,All Mental disorders,Medical,4.5,453,11534336,100000,Free,0.0,Everyone,Medical,2017-07-07,0,1.9230769230769231
93,2095,Farming Simulator 14,Family,4.5,530904,53477376,10000000,Free,0.0,Everyone,Simulation,2017-07-17,0,4.294117647058823
94,1995,Bubble Shooter Space,Game,4.2,4355,43791098,1000000,Free,0.0,Everyone,Casual,2017-07-17,0,2.1666666666666665
95,3313,Age Calculator,Tools,4.4,24265,3460300,1000000,Free,0.0,Everyone,Tools,2017-07-25,0,1.46875
96,3664,ForecaWeather,Weather,4.2,18425,5557452,1000000,Free,0.0,Everyone,Weather,2017-07-29,0,1.631578947368421
97,117,Beauty Camera - Selfie Camera,Beauty,4.0,113715,14465886,10000000,Free,0.0,Everyone,Beauty,2017-08-03,0,1.9722222222222223
98,2201,DreamWorks Friends,Family,3.6,1042,50331648,100000,Free,0.0,Everyone,Role Playing,2017-08-04,0,0.8181818181818182
99,3371,Backgrounds (HD Wallpapers),Personalization,4.7,202474,3145728,10000000,Free,0.0,Teen,Personalization,2017-08-09,13,2.966666666666667
100,3219,Ascape VR: 360¬∞ Virtual Travel,Travel and local,4.1,890,7969177,100000,Free,0.0,Everyone,Travel & Local,2017-08-09,0,1.7777777777777777
101,3657,HTC Weather,Weather,3.9,22154,13295725,10000000,Free,0.0,Everyone,Weather,2017-08-10,0,0.07894736842105263
102,1426,Binaural Beats Therapy,Health and fitness,4.3,13724,21673327,1000000,Free,0.0,Everyone,Health & Fitness,2017-08-17,0,2.076923076923077
103,173,HTC Help,Books and reference,4.2,8342,13772056,10000000,Free,0.0,Everyone,Books & Reference,2017-08-28,0,-0.1
104,7628,Brit + Co,Lifestyle,3.9,987,4718592,10000,Free,0.0,Everyone,Lifestyle,2017-08-29,0,0.875
105,2098,Extreme Racing 2 - Real driving RC cars game!,Family,4.3,4207,97517568,500000,Free,0.0,Everyone,Racing,2017-08-31,0,-0.2777777777777778
106,2952,Add Text To Photo,Photography,4.1,21578,1677721,1000000,Free,0.0,Everyone,Photography,2017-09-08,0,1.9411764705882353
107,3894,Bubble Shooter,Game,4.5,43576,52428800,5000000,Free,0.0,Everyone,Arcade,2017-09-13,0,2.089655172413793
108,2041,Bubble Shooter,Family,4.4,59843,20971520,5000000,Free,0.0,Everyone,Puzzle,2018-01-09,0,2.089655172413793
109,1657,Bubble Shooter,Game,4.5,148897,48234496,10000000,Free,0.0,Everyone,Casual,2018-07-17,0,2.089655172413793
110,3314,EzCalculator,Tools,4.1,1657,2097152,100000,Free,0.0,Everyone,Tools,2017-09-17,0,2.8157894736842106
111,8,Garden Coloring Book,Art and design,4.4,13791,34603008,1000000,Free,0.0,Everyone,Art & Design,2017-09-20,0,3.0444444444444443
112,3363,Birds Sounds Ringtones & Wallpapers,Personalization,4.6,5073,24117248,1000000,Free,0.0,Everyone 10+,Personalization,2017-09-25,10,1.8918918918918919
113,1532,Essential Resources,Libraries and demo,4.6,237,8704,50000,Free,0.0,Everyone,Libraries & Demo,2017-09-27,0,2.625
114,2049,Barbie Magical Fashion,Family,4.0,328619,15728640,10000000,Free,0.0,Everyone,Casual,2017-10-06,0,4.193548387096774
115,8320,Google PDF Viewer,Productivity,4.2,226453,12911877,10000000,Free,0.0,Everyone,Productivity,2017-10-09,0,1.575
116,26,Colorfit - Drawing & Coloring,Art and design,4.7,20260,26214400,500000,Free,0.0,Everyone,Art & Design,2017-10-11,0,3.6315789473684212
117,1956,Dragon Hills,Game,4.5,354373,69206016,10000000,Free,0.0,Everyone 10+,Action,2017-10-12,10,3.1333333333333333
118,1219,Healthy Recipes Free,Food and drink,4.0,1077,17825792,100000,Free,0.0,Everyone,Food & Drink,2017-10-18,0,2.4358974358974357
119,729,ABC Preschool Free,Education,3.8,27572,26214400,5000000,Free,0.0,Everyone,Education,2017-10-25,0,1.5833333333333333
120,3416,Flowers Live Wallpaper,Personalization,4.1,118459,3460300,10000000,Free,0.0,Everyone,Personalization,2017-10-27,0,1.2424242424242424
121,3298,Brightest Flashlight Free ¬Æ,Tools,4.7,1335799,3984588,50000000,Free,0.0,Everyone,Tools,2017-10-27,0,4.0
122,5393,Diary with lock password,Lifestyle,4.3,179139,10171187,5000000,Free,0.0,Everyone,Lifestyle,2017-11-01,0,2.5576923076923075
123,3841,Czech Public Transport IDOS,Maps and navigation,4.3,26014,8074035,1000000,Free,0.0,Everyone,Maps & Navigation,2017-11-06,0,1.4285714285714286
124,3438,Buzz Launcher-Smart&Free Theme,Personalization,4.4,251616,13631488,10000000,Free,0.0,Everyone,Personalization,2017-11-13,0,2.5833333333333335
125,3277,DuraSpeed,Tools,3.8,5431,1363148,10000000,Free,0.0,Everyone,Tools,2017-11-13,0,0.32432432432432434
126,3216,Hotels Combined - Cheap deals,Travel and local,4.1,17202,12582912,5000000,Free,0.0,Everyone,Travel & Local,2017-11-13,0,1.1666666666666667
127,3303,Calculator with Percent (Free),Tools,4.8,48211,7759462,1000000,Free,0.0,Everyone,Tools,2017-11-18,0,1.5
128,3412,Dog Licks Screen Wallpaper,Personalization,4.3,63624,10485760,5000000,Free,0.0,Everyone,Personalization,2017-11-20,0,1.911764705882353
129,2215,Hello Kitty Lunchbox,Family,4.2,51838,15728640,5000000,Free,0.0,Everyone,Casual,2017-11-21,0,1.8529411764705883
130,2620,Frontback - Social Photos,Social,3.8,19446,16760299,1000000,Free,0.0,Mature 17+,Social,2017-12-01,17,1.0
131,3384,ASUS Cover for ZenFone 2,Personalization,4.4,43960,10276044,10000000,Free,0.0,Everyone,Personalization,2017-12-01,0,2.1666666666666665
132,1017,Happy Birthday Songs Offline,Events,4.4,464,9332326,100000,Free,0.0,Everyone,Events,2017-12-04,0,2.411764705882353
133,2383,Davis's Drug Guide,Medical,3.9,272,6710886,50000,Free,0.0,Everyone,Medical,2017-12-11,0,0.0
134,3471,HTC File Manager,Productivity,4.2,13500,12911877,10000000,Free,0.0,Everyone,Productivity,2017-12-11,0,0.3333333333333333
135,3291,Color Flashlight,Tools,4.2,472904,9196251,50000000,Free,0.0,Everyone,Tools,2017-12-14,0,1.1818181818181819
136,1564,Easy Hair Style Design,Lifestyle,4.3,601,5347737,100000,Free,0.0,Everyone,Lifestyle,2017-12-20,0,2.8666666666666667
137,2785,Find&Save - Local Shopping,Shopping,4.0,4602,6501171,500000,Free,0.0,Everyone,Shopping,2017-12-22,0,1.3870967741935485
138,3475,HTC Calendar,Productivity,3.9,6949,12911877,10000000,Free,0.0,Everyone,Productivity,2017-12-27,0,-0.6666666666666666
139,690,Free Dating App - Meet Local Singles - Flirt Chat,Dating,4.1,825,16421871,100000,Free,0.0,Mature 17+,Dating,2017-12-28,17,-0.23880597014925373
140,3290,Flashlight & LED Torch,Tools,4.3,111507,9196251,10000000,Free,0.0,Everyone,Tools,2017-12-29,0,0.92
141,2341,HealtheLife,Medical,3.6,190,8074035,100000,Free,0.0,Everyone,Medical,2018-01-02,0,0.775
142,33,Easy Origami Ideas,Art and design,4.2,1015,11534336,100000,Free,0.0,Everyone,Art & Design,2018-01-06,0,0.9411764705882353
143,3570,Amazon Drive,Productivity,4.4,18669,4299161,1000000,Free,0.0,Everyone,Productivity,2018-01-08,0,2.7777777777777777
144,1558,Barcode Scanner,Libraries and demo,4.2,3945,9856614,500000,Free,0.0,Everyone,Libraries & Demo,2018-01-09,0,1.972972972972973
145,3768,Fast News,News and magazines,4.4,84957,13075903,1000000,Free,0.0,Everyone 10+,News & Magazines,2018-01-13,10,1.4615384615384615
146,2033,Coloring book moana,Family,3.9,974,14680064,500000,Free,0.0,Everyone,Art & Design,2018-01-15,0,1.1818181818181819
147,3284,Alarm Clock,Tools,4.3,114788,9196251,5000000,Free,0.0,Everyone,Tools,2018-01-22,0,0.16666666666666666
148,1420,Food Calorie Calculator,Health and fitness,4.2,1324,4194304,100000,Free,0.0,Everyone,Health & Fitness,2018-01-29,0,0.4146341463414634
149,2804,Groovebook Photo Books & Gifts,Photography,4.0,21159,37748736,500000,Free,0.0,Everyone,Photography,2018-01-31,0,3.6153846153846154
150,2028,Happy Fruits Bomb - Cube Blast,Family,4.5,2150,20971520,500000,Free,0.0,Everyone,Casual,2018-02-01,0,1.2
151,184,Azpen eReader,Books and reference,3.5,156,44040192,500000,Free,0.0,Everyone,Books & Reference,2018-02-15,0,1.434782608695652
152,594,FERZU - Furries Social Network,Dating,3.9,1576,16421871,10000,Free,0.0,Mature 17+,Dating,2018-02-16,17,1.0769230769230769
153,1471,DIY On A Budget,House and home,4.7,114,8703180,10000,Free,0.0,Teen,House & Home,2018-02-18,13,3.272727272727273
154,910,Crunchyroll - Everything Anime,Entertainment,3.7,310066,24120802,10000000,Free,0.0,Teen,Entertainment,2018-03-05,13,4.425
155,1664,Block Puzzle,Game,4.6,59800,8178892,5000000,Free,0.0,Everyone,Puzzle,2018-03-06,0,2.064935064935065
156,727,Flippy Campus - Buy & sell on campus at a discount,Education,4.0,889,7759462,500000,Free,0.0,Everyone,Education,2018-03-09,0,2.7058823529411766
157,1138,Fox Business,Finance,3.7,2594,18211524,500000,Free,0.0,Everyone,Finance,2018-03-13,0,1.0
158,3478,ASUS Calling Screen,Productivity,4.2,102451,12911877,10000000,Free,0.0,Everyone,Productivity,2018-03-15,0,0.0
159,3282,Alarm Clock Free,Tools,4.0,59973,11534336,10000000,Free,0.0,Everyone,Tools,2018-03-16,0,0.4117647058823529
160,3286,High-Powered Flashlight,Tools,4.5,429580,9196251,10000000,Free,0.0,Everyone,Tools,2018-03-16,0,2.1176470588235294
161,3411,Best Wallpapers QHD,Personalization,4.4,294701,5347737,10000000,Free,0.0,Teen,Personalization,2018-03-17,13,4.628571428571429
162,3620,Daniel Tiger for Parents,Parenting,4.7,247,29360128,100000,Free,0.0,Everyone,Parenting,2018-03-19,0,7.333333333333333
163,21,Boys Photo Editor - Six Pack & Men's Suit,Art and design,4.1,654,12582912,100000,Free,0.0,Everyone,Art & Design,2018-03-20,0,1.7105263157894737
164,2066,Drawing for Kids Learning Games for Toddlers age 3,Family,4.6,29436,45088768,1000000,Free,0.0,Everyone,Educational,2018-03-21,0,7.0
165,27,Animated Photo Editor,Art and design,4.1,203,6396313,100000,Free,0.0,Everyone,Art & Design,2018-03-21,0,1.7142857142857142
166,1402,Calorie Counter & Diet Tracker,Health and fitness,4.5,32606,21673327,1000000,Free,0.0,Everyone,Health & Fitness,2018-03-22,0,2.948148148148148
167,2068,Dr. Panda Restaurant 3,Family,4.2,11126,95420416,1000000,Free,0.0,Everyone,Educational,2018-03-23,0,2.0588235294117645
168,147,Free Panda Radio Music,Books and reference,4.5,418,4404019,100000,Free,0.0,Everyone,Books & Reference,2018-03-27,0,0.5
169,78,Best Car Wallpapers,Auto and vehicles,4.5,994,3040870,100000,Free,0.0,Everyone,Auto & Vehicles,2018-03-27,0,-0.3333333333333333
170,3681,HD Movie Video Player,Video players,4.5,18699,4299161,1000000,Free,0.0,Everyone,Video Players & Editors,2018-03-27,0,1.2580645161290323
171,2076,Happy Street,Family,4.5,110877,28612316,1000000,Free,0.0,Everyone 10+,Casual,2018-03-28,10,4.136363636363637
172,841,EasyBib: Citation Generator,Education,3.5,1405,7654604,100000,Free,0.0,Everyone,Education,2018-03-29,0,0.5789473684210527
173,3619,Baby Monitor,Parenting,4.4,5343,5452595,1000000,Free,0.0,Everyone,Parenting,2018-03-30,0,3.2
174,192,Docs To Go‚Ñ¢ Free Office Suite,Business,4.1,217730,14540488,50000000,Free,0.0,Everyone,Business,2018-04-02,0,1.5833333333333333
175,456,All Email Providers,Communication,4.1,20901,7654604,1000000,Free,0.0,Everyone,Communication,2018-04-03,0,0.6
176,2022,Educational Games 4 Kids,Family,4.3,11618,40894464,5000000,Free,0.0,Everyone,Educational,2018-04-03,0,2.4473684210526314
177,1792,Helix Jump,Game,4.2,1499373,34603008,100000000,Free,0.0,Everyone,Action,2018-04-09,0,4.681318681318682
178,1226,Allrecipes Dinner Spinner,Food and drink,4.5,61881,21932714,5000000,Free,0.0,Everyone,Food & Drink,2018-04-10,0,2.9473684210526314
179,3474,ASUS Quick Memo,Productivity,4.5,23089,1677721,10000000,Free,0.0,Everyone,Productivity,2018-04-11,0,0.0
180,1887,Flow Free,Game,4.3,1295625,11534336,100000000,Free,0.0,Everyone,Puzzle,2018-04-11,0,3.8896103896103895
181,3347,AppLock - Fingerprint,Tools,4.4,745245,3670016,10000000,Free,0.0,Everyone,Tools,2018-04-13,0,1.736842105263158
182,3762,BeyondPod Podcast Manager,News and magazines,3.9,32121,13075903,1000000,Free,0.0,Everyone,News & Magazines,2018-04-13,0,0.55
183,2323,Blood Pressure Log - MyDiary,Medical,4.7,8348,2726297,500000,Free,0.0,Everyone,Medical,2018-04-13,0,4.15
184,1672,Block Puzzle Classic Legend !,Game,4.2,17039,5138022,5000000,Free,0.0,Everyone,Puzzle,2018-04-13,0,2.2777777777777777
185,8639,Do It Later: Tasks & To-Dos,Productivity,4.5,123412,12911877,50000000,Free,0.0,Everyone,Productivity,2018-04-13,0,0.9117647058823529
186,2026,Hello Kitty Nail Salon,Family,4.2,369378,25165824,50000000,Free,0.0,Everyone,Casual,2018-04-17,0,1.2923076923076924
187,2421,Dosecast - Medication Reminder,Medical,4.3,4107,19990306,100000,Free,0.0,Everyone,Medical,2018-04-17,0,2.5789473684210527
188,2027,Candy Smash,Family,4.5,11436,15728640,1000000,Free,0.0,Everyone,Casual,2018-04-17,0,2.125
189,3246,File Manager,Tools,4.6,739329,9196251,50000000,Free,0.0,Everyone,Tools,2018-04-17,0,1.6363636363636365
190,3452,Adobe Acrobat Reader,Productivity,4.3,3016297,12911877,100000000,Free,0.0,Everyone,Productivity,2018-04-17,0,1.9259259259259258
191,241,FreshBooks Classic,Business,4.1,1802,27262976,100000,Free,0.0,Everyone,Business,2018-04-18,0,1.2077922077922079
192,3890,Comptia A+ 220-901 & 220-902,Family,4.4,174,5976883,10000,Free,0.0,Everyone,Education,2018-04-19,0,2.0344827586206895
193,388,Calls & Text by Mo+,Communication,4.2,83239,14680064,5000000,Free,0.0,Everyone,Communication,2018-04-19,0,2.3333333333333335
194,3942,Cat Sim Online: Play with Cats,Family,4.6,137198,84934656,5000000,Free,0.0,Everyone 10+,Simulation,2018-04-22,10,4.639344262295082
195,3878,Dog Sim Online: Raise a Family,Family,4.6,94989,77594624,5000000,Free,0.0,Teen,Simulation,2018-04-22,13,6.5
196,2940,Color Touch Effects,Photography,3.8,167652,12582912,10000000,Free,0.0,Everyone,Photography,2018-04-23,0,0.9473684210526315
197,3180,Cheap Flights & Hotels momondo,Travel and local,4.2,42546,25165824,5000000,Free,0.0,Everyone,Travel & Local,2018-04-25,0,1.641025641025641
198,2980,BBC Sport,Sports,4.2,18678,25226801,1000000,Free,0.0,Everyone,Sports,2018-04-25,0,1.2448979591836735
199,1646,Bed Time Fan - White Noise Sleep Sounds,Lifestyle,4.5,10097,7864320,500000,Free,0.0,Everyone,Lifestyle,2018-04-26,0,3.0
200,3858,FindShip,Maps and navigation,4.2,23279,8912896,1000000,Free,0.0,Everyone,Maps & Navigation,2018-04-26,0,0.8823529411764706
201,3267,AT&T Smart Wi-Fi,Tools,3.9,18513,6396313,10000000,Free,0.0,Everyone,Tools,2018-04-26,0,0.85
202,3566,G Cloud Backup,Productivity,4.6,267189,12911877,5000000,Free,0.0,Everyone,Productivity,2018-04-29,0,2.0689655172413794
203,2376,HESI A2 Pocket Prep,Medical,4.3,2108,29360128,50000,Free,0.0,Everyone,Medical,2018-05-02,0,1.7333333333333334
204,2826,Garden Photo Frames - Garden Photo Editor,Photography,4.4,1864,13631488,500000,Free,0.0,Everyone,Photography,2018-05-03,0,1.3846153846153846
205,1773,Extreme Car Driving Simulator,Game,4.3,2251012,54525952,100000000,Free,0.0,Everyone,Racing,2018-05-03,0,1.5
206,3427,Butterfly Live Wallpaper,Personalization,4.1,35771,3670016,5000000,Free,0.0,Everyone,Personalization,2018-05-04,0,3.392857142857143
207,1159,ACE Elite,Finance,4.1,2898,47185920,100000,Free,0.0,Everyone,Finance,2018-05-09,0,1.5454545454545454
208,3464,Calculator - unit converter,Productivity,4.7,287250,12911877,50000000,Free,0.0,Everyone,Productivity,2018-05-09,0,3.0
209,105,Filters for Selfie,Beauty,4.3,8572,26214400,1000000,Free,0.0,Everyone,Beauty,2018-05-10,0,1.3650793650793651
210,2305,FollowMyHealth¬Æ,Medical,4.6,73118,38797312,1000000,Free,0.0,Everyone,Medical,2018-05-10,0,2.6842105263157894
211,591,Hitwe - meet people and chat,Dating,4.2,243950,22020096,10000000,Free,0.0,Mature 17+,Dating,2018-05-10,17,0.5555555555555556
212,2724,Extreme Coupon Finder,Shopping,4.1,11798,16237426,1000000,Free,0.0,Everyone,Shopping,2018-05-10,0,1.0714285714285714
213,3893,4 in a Row,Game,3.8,4257,43791098,500000,Free,0.0,Everyone,Board,2018-05-13,0,2.75
214,125,Filters for B Live,Beauty,4.4,2280,25165824,500000,Free,0.0,Everyone,Beauty,2018-05-14,0,1.1
215,434,Full Screen Caller ID,Communication,4.2,104990,10485760,5000000,Free,0.0,Everyone,Communication,2018-05-15,0,2.193548387096774
216,1181,Easy Recipes,Food and drink,4.7,2707,9332326,100000,Free,0.0,Everyone,Food & Drink,2018-05-15,0,2.275
217,3086,Fantasy Football & NFL News,Sports,4.5,2943,8493465,100000,Free,0.0,Everyone,Sports,2018-05-15,0,3.323529411764706
218,1336,Down Dog: Great Yoga Anywhere,Health and fitness,4.9,28945,12582912,500000,Free,0.0,Teen,Health & Fitness,2018-05-17,13,5.975
219,145,Dictionary - Merriam-Webster,Books and reference,4.5,454060,13772056,10000000,Free,0.0,Everyone,Books & Reference,2018-05-18,0,2.375
220,3084,Cricbuzz - Live Cricket Scores & News,Sports,4.5,838765,25226801,50000000,Free,0.0,Everyone,Sports,2018-05-18,0,1.1842105263157894
221,3317,Fast Secure VPN,Tools,4.3,56848,10066329,1000000,Free,0.0,Everyone,Tools,2018-05-18,0,1.056338028169014
222,573,Herpes Positive Singles Dating,Dating,4.4,198,29360128,10000,Free,0.0,Mature 17+,Dating,2018-05-18,17,2.857142857142857
223,10171,All Social Networks,Social,4.2,22650,1572864,1000000,Free,0.0,Everyone,Social,2018-05-21,0,0.0
224,2338,Drugs.com Medication Guide,Medical,4.4,15875,19990306,1000000,Free,0.0,Everyone,Medical,2018-05-22,0,2.6923076923076925
225,2013,Dog Run - Pet Dog Simulator,Game,4.7,48615,25165824,10000000,Free,0.0,Everyone,Simulation,2018-05-22,0,4.041095890410959
226,3448,2018Emoji Keyboard üòÇ Emoticons Lite -sticker&gif,Personalization,4.2,115773,11769090,10000000,Free,0.0,Everyone,Personalization,2018-05-22,0,2.15625
227,3431,Horses Live Wallpaper,Personalization,4.2,28806,7444889,1000000,Free,0.0,Everyone,Personalization,2018-05-22,0,2.0
228,1151,Citizens Bank Mobile Banking,Finance,4.1,15192,39845888,1000000,Free,0.0,Everyone,Finance,2018-05-23,0,0.15384615384615385
229,443,Calls Blacklist - Call Blocker,Communication,4.5,457283,11849884,10000000,Free,0.0,Everyone,Communication,2018-05-24,0,3.0
230,2896,GoPro (formerly Capture),Photography,4.0,157506,49283072,10000000,Free,0.0,Everyone,Photography,2018-05-24,0,-0.23076923076923078
231,2023,Candy Pop Story,Family,4.7,12948,24117248,1000000,Free,0.0,Everyone,Casual,2018-05-24,0,1.725
232,1680,Angry Birds Classic,Game,4.4,5566669,101711872,100000000,Free,0.0,Everyone,Arcade,2018-05-24,0,0.4725274725274725
233,3799,AC - Tips & News for Android‚Ñ¢,News and magazines,4.2,23292,14680064,1000000,Free,0.0,Everyone 10+,News & Magazines,2018-05-24,10,1.5142857142857142
234,1071,Ecobank Mobile Banking,Finance,4.0,12073,44040192,1000000,Free,0.0,Everyone,Finance,2018-05-25,0,-0.9487179487179487
235,153,AlReader -any text book reader,Books and reference,4.6,90468,6186598,5000000,Free,0.0,Everyone,Books & Reference,2018-05-27,0,2.6923076923076925
236,2053,Educational Games for Kids,Family,4.5,7050,25165824,1000000,Free,0.0,Everyone,Educational,2018-05-27,0,3.1666666666666665
237,3483,HTC Mail,Productivity,3.1,6572,12911877,10000000,Free,0.0,Everyone,Productivity,2018-05-29,0,0.025
238,1679,Granny,Game,4.5,1135631,61865984,50000000,Free,0.0,Teen,Arcade,2018-05-29,13,4.172413793103448
239,1010,DroidAdmin for Android - Advice,Events,4.2,811,2936012,10000,Free,0.0,Everyone,Events,2018-05-29,0,0.1282051282051282
240,1472,Free Foreclosure Real Estate Search by USHUD.com,House and home,3.4,287,28311552,100000,Free,0.0,Everyone,House & Home,2018-05-29,0,-0.08108108108108109
241,1487,Home Decor Showpiece Art making: Medium Difficulty,House and home,4.3,273,7340032,50000,Free,0.0,Everyone,House & Home,2018-05-30,0,1.92
242,3027,Golf Channel,Sports,4.1,19230,92274688,1000000,Free,0.0,Everyone,Sports,2018-05-30,0,-0.3
243,1164,Associated Credit Union Mobile,Finance,4.7,3290,12582912,50000,Free,0.0,Everyone,Finance,2018-05-30,0,2.3714285714285714
244,3557,Calendar Widget Month + Agenda,Productivity,4.2,60840,1992294,5000000,Free,0.0,Everyone,Productivity,2018-05-31,0,0.5
245,2602,Blogaway for Android (Blogger),Social,3.7,4253,4299161,100000,Free,0.0,Teen,Social,2018-05-31,13,1.3611111111111112
246,1575,FOSSIL Q: DESIGN YOUR DIAL,Lifestyle,4.3,985,16777216,500000,Free,0.0,Everyone,Lifestyle,2018-05-31,0,1.1818181818181819
247,537,ChatVideo Meet new people,Dating,4.2,63986,20971520,5000000,Free,0.0,Mature 17+,Dating,2018-05-31,17,1.2702702702702702
248,536,BBWCupid - BBW Dating App,Dating,3.5,241,2936012,50000,Free,0.0,Mature 17+,Dating,2018-06-01,17,1.6666666666666667
249,1152,GoBank,Finance,4.4,5950,12582912,500000,Free,0.0,Everyone,Finance,2018-06-01,0,0.717948717948718
250,10049,Airway Ex - Intubate. Anesthetize. Train.,Medical,4.3,123,90177536,10000,Free,0.0,Everyone,Medical,2018-06-01,0,1.794871794871795
251,1974,Bubble Shooter Genies,Game,4.5,26985,42991616,5000000,Free,0.0,Everyone,Casual,2018-06-04,0,2.3
252,315,DC Comics,Comics,4.2,25671,14464534,1000000,Free,0.0,Teen,Comics,2018-06-05,13,3.0
253,1933,Alto's Adventure,Game,4.6,515657,66060288,10000000,Free,0.0,Everyone,Action,2018-06-05,0,3.4285714285714284
254,771,GRE Flashcards,Education,4.5,13791,18966860,500000,Free,0.0,Everyone,Education,2018-06-06,0,2.5555555555555554
255,777,GRE Prep & Practice by Magoosh,Education,4.4,3963,18966860,100000,Free,0.0,Everyone,Education,2018-06-06,0,2.388888888888889
256,3806,ABC News - US & World News,News and magazines,4.0,18976,36700160,1000000,Free,0.0,Everyone 10+,News & Magazines,2018-06-06,10,-0.21428571428571427
257,1531,Binaural Beats Meditation,Libraries and demo,4.3,411,99614720,50000,Free,0.0,Everyone,Libraries & Demo,2018-06-08,0,2.15
258,214,Easy Installer - Apps On SD,Business,4.1,23055,14540488,5000000,Free,0.0,Everyone,Business,2018-06-08,0,0.10256410256410256
259,1309,7 Minute Workout,Health and fitness,4.5,399009,21673327,10000000,Free,0.0,Everyone,Health & Fitness,2018-06-08,0,4.181818181818182
260,1072,Banorte Movil,Finance,4.1,111632,68157440,1000000,Free,0.0,Everyone,Finance,2018-06-09,0,0.9230769230769231
261,3107,CityMaps2Go Plan Trips Travel Guide Offline Maps,Travel and local,4.3,64713,60817408,1000000,Free,0.0,Everyone,Travel & Local,2018-06-09,0,3.125
262,2892,Cameringo Lite. Filters Camera,Photography,4.2,140917,5976883,10000000,Free,0.0,Everyone,Photography,2018-06-11,0,2.7777777777777777
263,5077,AppLock,Tools,4.4,4931562,9196251,100000000,Free,0.0,Everyone,Tools,2018-06-11,0,-0.6153846153846154
264,3929,Four In A Line Free,Game,4.3,133195,11534336,5000000,Free,0.0,Everyone,Board,2018-06-11,0,2.111111111111111
265,3877,Akinator,Family,4.3,1805398,57671680,50000000,Free,0.0,Teen,Entertainment,2018-06-11,13,1.9473684210526316
266,10190,Fallout Shelter,Family,4.6,2721923,26214400,10000000,Free,0.0,Teen,Simulation,2018-06-11,13,9.5
267,2999,Goal Live Scores,Sports,4.4,232423,36700160,5000000,Free,0.0,Everyone,Sports,2018-06-11,0,1.2
268,901,Harkins Theatres,Entertainment,4.3,1511,12582912,100000,Free,0.0,Everyone,Entertainment,2018-06-11,0,-0.7272727272727273
269,3368,Diamond Zipper Lock Screen,Personalization,4.3,71688,12582912,10000000,Free,0.0,Everyone,Personalization,2018-06-11,0,1.5
270,1004,All Events in City,Events,4.0,3782,9961472,100000,Free,0.0,Everyone,Events,2018-06-12,0,2.64
271,63,Free VIN Report for Used Cars,Auto and vehicles,4.6,2431,2516582,100000,Free,0.0,Everyone,Auto & Vehicles,2018-06-12,0,2.8285714285714287
272,2169,All-in-One Mahjong 3 FREE,Family,4.5,566,17825792,50000,Free,0.0,Everyone,Board,2018-06-13,0,1.0
273,3224,GPS Status & Toolbox,Travel and local,4.5,149723,4299161,10000000,Free,0.0,Everyone,Travel & Local,2018-06-13,0,1.6857142857142857
274,1316,Daily Workouts - Exercise Fitness Routine Trainer,Health and fitness,4.4,134195,21673327,10000000,Free,0.0,Everyone,Health & Fitness,2018-06-14,0,3.0
275,1585,Anime Avatar Creator: Make Your Own Avatar,Lifestyle,4.2,10944,37748736,1000000,Free,0.0,Everyone,Lifestyle,2018-06-15,0,2.142857142857143
276,2034,Baby Panda Care,Family,4.2,108795,51380224,10000000,Free,0.0,Everyone,Educational,2018-06-15,0,2.0
277,5381,Final Fantasy XV: A New Empire,Family,4.0,484858,28612316,10000000,Free,0.0,Everyone 10+,Strategy,2018-06-15,10,2.4375
278,3618,Baby Panda Musical Genius,Parenting,4.0,3346,38797312,1000000,Free,0.0,Everyone,Parenting,2018-06-15,0,2.2432432432432434
279,915,Acorn TV: World-class TV from Britain and Beyond,Entertainment,3.0,493,24117248,50000,Free,0.0,Everyone,Entertainment,2018-06-15,0,0.5652173913043478
280,3121,Google Earth,Travel and local,4.3,2338655,25380126,100000000,Free,0.0,Everyone,Travel & Local,2018-06-18,0,1.7105263157894737
281,7055,BZWBK24 mobile,Finance,4.5,64983,40894464,1000000,Free,0.0,Everyone,Finance,2018-06-18,0,1.5217391304347827
282,2706,Checkout 51: Grocery coupons,Shopping,4.1,52896,16237426,10000000,Free,0.0,Everyone,Shopping,2018-06-18,0,1.5769230769230769
283,3281,Digital Alarm Clock,Tools,4.2,118439,16777216,10000000,Free,0.0,Everyone,Tools,2018-06-19,0,1.7887323943661972
284,1098,Expense IQ Money Manager,Finance,4.4,21570,28311552,1000000,Free,0.0,Everyone,Finance,2018-06-19,0,2.967741935483871
285,352,Browser 4G,Communication,4.3,192948,6920601,10000000,Free,0.0,Everyone,Communication,2018-06-19,0,1.9411764705882353
286,3441,BIG Launcher,Personalization,4.3,881,6186598,10000,Paid,9.99,Everyone,Personalization,2018-06-20,0,1.7
287,1189,Dunkin' Donuts,Food and drink,4.2,68103,69206016,1000000,Free,0.0,Everyone,Food & Drink,2018-06-20,0,2.0789473684210527
288,3915,Colorfy: Coloring Book for Adults - Free,Family,4.5,787107,28612316,10000000,Free,0.0,Everyone,Entertainment,2018-06-20,0,1.2330827067669172
289,3511,Easy Voice Recorder,Productivity,4.4,205191,7444889,10000000,Free,0.0,Everyone,Productivity,2018-06-20,0,3.58974358974359
290,586,Gay Sugar Daddy Dating & Hookup ‚Äì Sudy Gay,Dating,4.1,2212,42991616,100000,Free,0.0,Mature 17+,Dating,2018-06-20,17,1.794871794871795
291,517,Christian Dating For Free App,Dating,3.9,8722,13631488,500000,Free,0.0,Mature 17+,Dating,2018-06-20,17,2.8947368421052633
292,2703,CheckPoints üèÜ Rewards App,Shopping,4.1,23187,26214400,1000000,Free,0.0,Everyone,Shopping,2018-06-21,0,2.225
293,3038,GolfLogix GPS + Putt Breaks,Sports,4.0,11085,63963136,1000000,Free,0.0,Everyone,Sports,2018-06-21,0,-0.2564102564102564
294,206,Call Blocker,Business,4.6,188841,3355443,5000000,Free,0.0,Everyone,Business,2018-06-21,0,-0.3333333333333333
295,436,Call Blocker,Communication,4.1,17529,10485760,1000000,Free,0.0,Everyone,Communication,2018-07-26,0,-0.3333333333333333
296,2960,Free Sports TV,Sports,4.3,1802,10276044,100000,Free,0.0,Everyone,Sports,2018-06-21,0,1.7407407407407407
297,3584,Baby Panda Learns Shapes,Parenting,4.0,3789,44040192,1000000,Free,0.0,Everyone,Parenting,2018-06-21,0,2.4594594594594597
298,1448,Apartments & Rentals - Zillow,House and home,4.2,27386,16745769,1000000,Free,0.0,Everyone,House & Home,2018-06-21,0,1.7727272727272727
299,2048,ABC Kids - Tracing & Phonics,Family,4.5,36606,28612316,10000000,Free,0.0,Everyone,Educational,2018-06-22,0,3.7027027027027026
300,442,CIA - Caller ID & Call Blocker,Communication,4.0,60308,11849884,5000000,Free,0.0,Everyone,Communication,2018-06-22,0,1.0714285714285714
301,1570,Horoscopes ‚Äì Daily Zodiac Horoscope and Astrology,Lifestyle,4.6,161143,11534336,10000000,Free,0.0,Everyone 10+,Lifestyle,2018-06-25,10,2.057142857142857
302,984,FOX,Entertainment,3.7,197774,46137344,10000000,Free,0.0,Mature 17+,Entertainment,2018-06-25,17,0.8717948717948718
303,164,Ebook Reader,Books and reference,4.1,85842,38797312,5000000,Free,0.0,Everyone,Books & Reference,2018-06-25,0,2.4358974358974357
304,198,Google Primer,Business,4.4,62272,18874368,10000000,Free,0.0,Everyone,Business,2018-06-26,0,3.0
305,3356,3D Live Neon Weed Launcher,Personalization,4.5,1724,22020096,100000,Free,0.0,Mature 17+,Personalization,2018-06-26,17,1.5
306,348,Contacts,Communication,4.3,66602,11849884,50000000,Free,0.0,Everyone,Communication,2018-06-26,0,0.15789473684210525
307,3882,A+ Mobile,Finance,3.9,730,6606028,10000,Free,0.0,Everyone,Finance,2018-06-26,0,1.5952380952380953
308,1934,DEER HUNTER 2018,Game,4.3,955656,85983232,10000000,Free,0.0,Teen,Action,2018-06-26,13,-0.3333333333333333
309,2209,Fun Kid Racing - Motocross,Family,4.1,59729,28612316,10000000,Free,0.0,Everyone,Racing,2018-06-27,0,2.1666666666666665
310,10502,Fun Kid Racing - Motocross,Family,4.1,59768,28612316,10000000,Free,0.0,Everyone,Racing,2018-08-07,0,2.1666666666666665
311,2842,DSLR Camera Hd Ultra Professional,Photography,4.2,4410,4718592,1000000,Free,0.0,Everyone,Photography,2018-06-27,0,0.5526315789473685
312,375,AT&T Visual Voicemail,Communication,3.7,13761,11849884,10000000,Free,0.0,Everyone,Communication,2018-06-27,0,0.16
313,3017,CBS Sports Fantasy,Sports,4.0,43611,28311552,1000000,Free,0.0,Everyone,Sports,2018-06-27,0,0.8333333333333334
314,8658,ColorNote Notepad Notes,Productivity,4.6,2401017,12911877,100000000,Free,0.0,Everyone,Productivity,2018-06-27,0,3.946564885496183
315,3987,Clash Royale,Family,4.6,23125280,101711872,100000000,Free,0.0,Everyone 10+,Strategy,2018-06-27,10,4.036363636363636
316,3975,Hay Day,Family,4.5,10053186,98566144,100000000,Free,0.0,Everyone,Casual,2018-06-28,0,2.180327868852459
317,3481,Content Transfer,Productivity,4.7,19302,7549747,5000000,Free,0.0,Everyone,Productivity,2018-06-28,0,1.275
318,149,FBReader: Favorite Book Reader,Books and reference,4.5,203130,13772056,10000000,Free,0.0,Everyone,Books & Reference,2018-06-28,0,1.8717948717948718
319,2093,Hot Wheels: Race Off,Family,4.5,520654,28612316,10000000,Free,0.0,Everyone,Racing,2018-06-28,0,1.45
320,1256,Home Workout - No Equipment,Health and fitness,4.8,428156,15728640,10000000,Free,0.0,Everyone,Health & Fitness,2018-06-28,0,4.538461538461538
321,1491,ColorSnap¬Æ Visualizer,House and home,3.4,3280,80740352,1000000,Free,0.0,Everyone,House & Home,2018-06-29,0,-0.1794871794871795
322,2895,HD Camera for Android,Photography,4.1,351254,4194304,10000000,Free,0.0,Everyone,Photography,2018-06-29,0,2.3846153846153846
323,1612,Big Days - Events Countdown,Lifestyle,4.6,39724,15528528,1000000,Free,0.0,Everyone,Lifestyle,2018-06-29,0,2.2222222222222223
324,3104,Hopper - Watch & Book Flights,Travel and local,4.4,52029,25380126,5000000,Free,0.0,Everyone,Travel & Local,2018-06-29,0,2.0
325,1958,DC Super Hero Girls‚Ñ¢,Game,4.3,43055,99614720,5000000,Free,0.0,Everyone,Action,2018-06-29,0,4.588235294117647
326,3803,CBS News,News and magazines,4.3,23641,24117248,1000000,Free,0.0,Everyone 10+,News & Magazines,2018-06-29,10,0.0
327,3976,Diary with lock,Lifestyle,4.6,815280,4613734,10000000,Free,0.0,Everyone,Lifestyle,2018-06-30,0,4.565656565656566
328,2572,Facebook Local,Social,4.2,4751,16760299,1000000,Free,0.0,Teen,Social,2018-06-30,13,0.8
329,3817,BaconReader for Reddit,News and magazines,4.5,103074,13075903,1000000,Free,0.0,Mature 17+,News & Magazines,2018-07-02,17,1.303030303030303
330,3297,Brightest LED Flashlight,Tools,4.5,60571,9196251,5000000,Free,0.0,Everyone,Tools,2018-07-02,0,1.625
331,1300,Couch to 10K Running Trainer,Health and fitness,4.6,10445,50331648,500000,Free,0.0,Everyone,Health & Fitness,2018-07-02,0,3.5
332,3516,File Browser by Astro (File Manager),Productivity,4.3,609182,9646899,50000000,Free,0.0,Everyone,Productivity,2018-07-02,0,1.3333333333333333
333,355,Cricket Visual Voicemail,Communication,3.9,13698,5347737,10000000,Free,0.0,Everyone,Communication,2018-07-02,0,-0.775
334,1977,Hill Climb Racing,Game,4.4,8923847,66060288,100000000,Free,0.0,Everyone,Racing,2018-07-02,0,2.3636363636363638
335,3558,DigiCal Calendar Agenda,Productivity,4.4,133573,12911877,5000000,Free,0.0,Everyone,Productivity,2018-07-03,0,2.739130434782609
336,61,CDL Practice Test 2018 Edition,Auto and vehicles,4.9,7774,17825792,100000,Free,0.0,Everyone,Auto & Vehicles,2018-07-03,0,2.5416666666666665
337,1245,EatStreet Food Delivery App,Food and drink,4.6,7690,26214400,100000,Free,0.0,Everyone,Food & Drink,2018-07-03,0,2.5405405405405403
338,564,Cougar Dating Life : Date Older Women Sugar Mummy,Dating,3.9,1645,32505856,500000,Free,0.0,Mature 17+,Dating,2018-07-03,17,2.8461538461538463
339,5702,Avakin Life - 3D virtual world,Family,4.4,1275373,95420416,10000000,Free,0.0,Teen,Role Playing,2018-07-03,13,3.4782608695652173
340,244,HipChat - Chat Built for Teams,Business,3.8,5868,20971520,500000,Free,0.0,Everyone,Business,2018-07-03,0,-0.36363636363636365
341,64,DMV Permit Practice Test 2018 Edition,Auto and vehicles,4.9,6090,28311552,100000,Free,0.0,Everyone,Auto & Vehicles,2018-07-03,0,3.088235294117647
342,1726,Angry Birds Rio,Game,4.4,2610622,48234496,100000000,Free,0.0,Everyone,Arcade,2018-07-03,0,1.2564102564102564
343,2230,ABCmouse.com,Family,4.3,50887,95420416,5000000,Free,0.0,Everyone,Education,2018-07-03,0,1.9444444444444444
344,404,GroupMe,Communication,4.5,330761,11849884,10000000,Free,0.0,Everyone,Communication,2018-07-03,0,2.282051282051282
345,1829,Honkai Impact 3rd,Game,4.7,59017,85983232,1000000,Free,0.0,Teen,Action,2018-07-03,13,6.921052631578948
346,3642,APE Weather ( Live Forecast),Weather,4.3,20008,9542041,5000000,Free,0.0,Everyone,Weather,2018-07-03,0,2.4545454545454546
347,3361,4K Wallpapers and Ultra HD Backgrounds,Personalization,4.6,7583,3984588,500000,Free,0.0,Everyone 10+,Personalization,2018-07-04,10,4.555555555555555
348,3912,Asphalt 8: Airborne,Game,4.5,8389714,96468992,100000000,Free,0.0,Teen,Racing,2018-07-04,13,2.0547945205479454
349,3210,Hotels.com: Book Hotel Rooms & Find Vacation Deals,Travel and local,4.5,260133,25380126,10000000,Free,0.0,Everyone,Travel & Local,2018-07-04,0,1.1323529411764706
350,2015,Candy Bomb,Family,4.4,42145,20971520,10000000,Free,0.0,Everyone,Casual,2018-07-04,0,2.638888888888889
351,444,Call Control - Call Blocker,Communication,4.4,93825,11534336,5000000,Free,0.0,Everyone,Communication,2018-07-05,0,0.0
352,692,Free Live Talk-Video Call,Dating,4.7,158,4718592,10000,Free,0.0,Mature 17+,Dating,2018-07-05,17,0.0
353,2063,DisneyNOW ‚Äì TV Shows & Games,Family,4.3,82471,28612316,5000000,Free,0.0,Everyone,Entertainment,2018-07-05,0,3.5714285714285716
354,1986,Cut the Rope FULL FREE,Game,4.4,2123793,51380224,100000000,Free,0.0,Everyone,Puzzle,2018-07-05,0,3.2142857142857144
355,2158,Dominos Game ‚úîÔ∏è,Family,4.1,2903,16777216,1000000,Free,0.0,Everyone,Board,2018-07-05,0,0.358974358974359
356,3318,Free & Premium VPN - FinchVPN,Tools,4.2,19096,10485760,1000000,Free,0.0,Everyone,Tools,2018-07-05,0,2.935483870967742
357,1975,Blossom Blast Saga,Game,4.5,1125438,66060288,10000000,Free,0.0,Everyone,Casual,2018-07-05,0,3.611111111111111
358,1944,Extreme Match,Game,4.5,696,43791098,100000,Free,0.0,Everyone,Action,2018-07-05,0,2.2142857142857144
359,4200,H TV,Family,4.3,103064,5872025,5000000,Free,0.0,Everyone,Entertainment,2018-07-05,0,1.1025641025641026
360,3994,Candy Crush Saga,Family,4.4,22419455,77594624,500000000,Free,0.0,Everyone,Casual,2018-07-05,0,2.975
361,3871,Flashlight,Tools,4.5,162335,5138022,10000000,Free,0.0,Everyone,Tools,2018-07-06,0,1.9428571428571428
362,3292,Flashlight,Tools,4.7,115409,9196251,10000000,Free,0.0,Everyone,Tools,2018-08-06,0,1.9428571428571428
363,1474,Home Security Camera WardenCam - reuse old phones,House and home,4.3,43800,16745769,1000000,Free,0.0,Everyone,House & Home,2018-07-06,0,1.8076923076923077
364,1904,Fruits Bomb,Game,4.4,74695,17825792,10000000,Free,0.0,Everyone,Casual,2018-07-06,0,2.2531645569620253
365,408,Firefox Focus: The privacy browser,Communication,4.4,36893,4194304,1000000,Free,0.0,Everyone,Communication,2018-07-06,0,2.171875
366,3295,Flashlight - Torch LED Light,Tools,4.4,192661,8912896,10000000,Free,0.0,Everyone,Tools,2018-07-07,0,2.1666666666666665
367,3301,CALCU‚Ñ¢ Stylish Calculator Free,Tools,4.7,152692,11534336,5000000,Free,0.0,Everyone,Tools,2018-07-07,0,2.526315789473684
368,982,Comedy Central,Entertainment,3.9,22378,19922944,1000000,Free,0.0,Teen,Entertainment,2018-07-08,13,0.825
369,983,BET NOW - Watch Shows,Entertainment,4.2,14807,19922944,1000000,Free,0.0,Teen,Entertainment,2018-07-08,13,-0.16666666666666666
370,197,Curriculum vitae App CV Builder Free Resume Maker,Business,4.5,4458,4089446,500000,Free,0.0,Everyone,Business,2018-07-08,0,2.763157894736842
371,1835,Farming Simulator 18,Game,4.5,18125,15728640,100000,Paid,4.99,Everyone,Simulation,2018-07-09,0,2.8974358974358974
372,1157,BankMobile Vibe App,Finance,4.3,14627,24117248,1000000,Free,0.0,Everyone,Finance,2018-07-09,0,3.0869565217391304
373,1939,CATS: Crash Arena Turbo Stars,Game,4.7,1559650,43791098,50000000,Free,0.0,Everyone,Action,2018-07-09,0,2.982456140350877
374,3322,FREEDOME VPN Unlimited anonymous Wifi Security,Tools,4.3,39833,10380902,1000000,Free,0.0,Everyone,Tools,2018-07-09,0,1.2727272727272727
375,1280,Calorie Counter - EasyFit free,Health and fitness,4.7,50294,11534336,1000000,Free,0.0,Everyone,Health & Fitness,2018-07-09,0,3.8378378378378377
376,2313,BioLife Plasma Services,Medical,3.5,250,24117248,100000,Free,0.0,Everyone,Medical,2018-07-09,0,0.6153846153846154
377,2354,Epocrates Plus,Medical,4.3,23889,19990306,1000000,Free,0.0,Everyone,Medical,2018-07-10,0,2.15
378,1716,Candy Crush Soda Saga,Game,4.4,6198880,70254592,100000000,Free,0.0,Everyone,Casual,2018-07-10,0,0.5180722891566265
379,3198,Couchsurfing Travel App,Travel and local,4.4,61776,25380126,1000000,Free,0.0,Teen,Travel & Local,2018-07-10,13,1.794871794871795
380,1268,Home Workout for Men - Bodybuilding,Health and fitness,4.8,12705,15728640,1000000,Free,0.0,Everyone,Health & Fitness,2018-07-10,0,3.8461538461538463
381,412,Firefox Browser fast & private,Communication,4.4,3075118,11849884,100000000,Free,0.0,Everyone,Communication,2018-07-10,0,1.7419354838709677
382,232,Fast Scanner : Free PDF Scan,Business,4.5,103755,14680064,10000000,Free,0.0,Everyone,Business,2018-07-11,0,2.77027027027027
383,1296,8fit Workouts & Meal Planner,Health and fitness,4.6,115721,70254592,10000000,Free,0.0,Everyone,Health & Fitness,2018-07-11,0,3.280701754385965
384,3039,Golfshot Plus: Golf GPS,Sports,4.1,3387,26214400,50000,Paid,29.99,Everyone,Sports,2018-07-11,0,2.925
385,3119,GPS Map Free,Travel and local,4.0,33782,7969177,5000000,Free,0.0,Everyone,Travel & Local,2018-07-11,0,3.0
386,774,GMAT Math Flashcards,Education,4.4,1769,18966860,100000,Free,0.0,Everyone,Education,2018-07-11,0,2.25
387,3088,Golfshot: Golf GPS + Tee Times,Sports,4.3,7543,26214400,500000,Free,0.0,Everyone,Sports,2018-07-11,0,2.7
388,2821,HD Camera,Photography,4.3,49680,9122611,5000000,Free,0.0,Everyone,Photography,2018-07-11,0,-2.0
389,230,Genius Scan - PDF Scanner,Business,4.4,42492,14540488,1000000,Free,0.0,Everyone,Business,2018-07-11,0,2.923076923076923
390,2887,Flickr,Photography,4.3,251951,16777216,10000000,Free,0.0,Mature 17+,Photography,2018-07-11,17,1.484375
391,171,All Maths Formulas,Books and reference,4.4,2709,7130316,1000000,Free,0.0,Everyone,Books & Reference,2018-07-11,0,1.606060606060606
392,2067,Baby Panda‚Äôs Juice Shop,Family,4.5,19230,47185920,5000000,Free,0.0,Everyone,Educational,2018-07-12,0,3.0
393,1892,Cooking Fever,Game,4.5,3198176,85983232,100000000,Free,0.0,Everyone,Arcade,2018-07-12,0,2.6
394,1461,Gold Butterfly Keyboard Theme,House and home,4.3,10054,9542041,1000000,Free,0.0,Everyone,House & Home,2018-07-12,0,2.1538461538461537
395,2210,Barbie Life‚Ñ¢,Family,3.9,133117,66060288,5000000,Free,0.0,Everyone,Casual,2018-07-12,0,4.421052631578948
396,3131,Allegiant,Travel and local,3.1,5572,22020096,1000000,Free,0.0,Everyone,Travel & Local,2018-07-12,0,-0.3333333333333333
397,2043,Baby puzzles,Family,4.3,11950,19922944,5000000,Free,0.0,Everyone,Educational,2018-07-12,0,1.0588235294117647
398,4037,Fruit Ninja¬Æ,Game,4.3,5091448,42991616,100000000,Free,0.0,Everyone,Arcade,2018-07-12,0,2.0
399,4126,Dumb Ways to Die 2: The Games,Family,4.2,1671658,28612316,50000000,Free,0.0,Teen,Casual,2018-07-12,13,0.8108108108108109
400,448,Burner - Free Phone Number,Communication,4.3,14873,11849884,1000000,Free,0.0,Everyone,Communication,2018-07-12,0,5.0
401,896,Cinemark Theatres,Entertainment,4.1,21867,40894464,1000000,Free,0.0,Teen,Entertainment,2018-07-12,13,1.15
402,1109,Experian - Free Credit Report,Finance,4.6,23130,48234496,1000000,Free,0.0,Everyone,Finance,2018-07-12,0,1.0869565217391304
403,994,Hamilton ‚Äî The Official App,Entertainment,4.5,1575,45088768,100000,Free,0.0,Everyone,Entertainment,2018-07-13,0,2.861111111111111
404,2736,HauteLook,Shopping,4.1,7193,7654604,500000,Free,0.0,Everyone,Shopping,2018-07-13,0,1.6363636363636365
405,3380,Goku Wallpaper Art,Personalization,4.7,6342,39845888,1000000,Free,0.0,Everyone,Personalization,2018-07-13,0,2.6285714285714286
406,1638,Housing-Real Estate & Property,Lifestyle,4.1,28301,15528528,1000000,Free,0.0,Everyone,Lifestyle,2018-07-13,0,-0.14285714285714285
407,2364,Davis's Drug Guide for Nurses,Medical,4.5,572,46137344,50000,Free,0.0,Everyone,Medical,2018-07-13,0,3.3333333333333335
408,1894,Gardenscapes,Game,4.6,4129665,43791098,50000000,Free,0.0,Everyone,Casual,2018-07-13,0,2.954887218045113
409,9840,CNBC: Breaking Business News & Live Market Data,Finance,4.2,24666,18211524,1000000,Free,0.0,Everyone,Finance,2018-07-13,0,1.6216216216216217
410,1549,Cool Popular Ringtones 2018 üî•,Libraries and demo,4.5,60170,29360128,1000000,Free,0.0,Everyone,Libraries & Demo,2018-07-13,0,1.25
411,3249,ASUS Sound Recorder,Tools,4.5,34126,9196251,10000000,Free,0.0,Everyone,Tools,2018-07-13,0,2.75
412,1888,Homescapes,Game,4.6,3093932,43791098,10000000,Free,0.0,Everyone,Casual,2018-07-13,0,4.730769230769231
413,3914,Basketball Stars,Sports,4.4,867920,47185920,10000000,Free,0.0,Everyone,Sports,2018-07-14,0,1.5393258426966292
414,2907,EyeEm - Camera & Photo Filter,Photography,4.2,215343,46137344,10000000,Free,0.0,Everyone,Photography,2018-07-14,0,2.945945945945946
415,37,Floor Plan Creator,Art and design,4.1,36639,12740198,5000000,Free,0.0,Everyone,Art & Design,2018-07-14,0,2.6216216216216215
416,3132,Amtrak,Travel and local,3.7,16815,29360128,1000000,Free,0.0,Everyone,Travel & Local,2018-07-15,0,0.02564102564102564
417,1879,Clash of Clans,Game,4.6,44893888,102760448,100000000,Free,0.0,Everyone 10+,Strategy,2018-07-15,10,4.151515151515151
418,1433,Brain Waves - Binaural Beats,Health and fitness,4.4,5038,10485760,500000,Free,0.0,Everyone,Health & Fitness,2018-07-15,0,1.625
419,3299,Fraction Calculator Plus Free,Tools,4.5,148506,11534336,5000000,Free,0.0,Everyone,Tools,2018-07-15,0,2.032258064516129
420,1401,Health and Nutrition Guide,Health and fitness,4.3,7895,3460300,500000,Free,0.0,Everyone,Health & Fitness,2018-07-15,0,2.4375
421,946,A&E - Watch Full Episodes of TV Shows,Entertainment,4.0,29706,19922944,1000000,Free,0.0,Teen,Entertainment,2018-07-16,13,2.1842105263157894
422,943,HISTORY: Watch TV Show Full Episodes & Specials,Entertainment,4.1,33387,20971520,1000000,Free,0.0,Teen,Entertainment,2018-07-16,13,2.1639344262295084
423,1739,Dream League Soccer 2018,Game,4.6,9882639,77594624,100000000,Free,0.0,Everyone,Sports,2018-07-16,0,3.6666666666666665
424,2259,Diabetes & Diet Tracker,Medical,4.6,395,19922944,1000,Paid,9.99,Everyone,Medical,2018-07-16,0,3.4324324324324325
425,1950,Battlelands Royale,Game,4.4,105620,63963136,1000000,Free,0.0,Everyone 10+,Action,2018-07-16,10,3.6292134831460676
426,1955,BEYBLADE BURST app,Game,4.5,216849,43791098,10000000,Free,0.0,Everyone,Action,2018-07-16,0,2.25
427,1065,Bualuang mBanking,Finance,4.0,48445,10485760,5000000,Free,0.0,Everyone,Finance,2018-07-16,0,-0.029411764705882353
428,1511,Apartments.com Rental Search,House and home,4.3,22584,16777216,1000000,Free,0.0,Everyone,House & Home,2018-07-16,0,0.34782608695652173
429,3128,AirAsia,Travel and local,3.9,98585,38797312,10000000,Free,0.0,Everyone,Travel & Local,2018-07-16,0,-0.7142857142857143
430,3213,Hostelworld: Hostels & Cheap Hotels Travel App,Travel and local,4.4,17878,29360128,1000000,Free,0.0,Everyone,Travel & Local,2018-07-16,0,2.8
431,1392,Calorie Counter - MyNetDiary,Health and fitness,4.5,27439,19922944,1000000,Free,0.0,Everyone,Health & Fitness,2018-07-16,0,2.5611510791366907
432,2330,Ada - Your Health Guide,Medical,4.7,87418,14680064,1000000,Free,0.0,Everyone,Medical,2018-07-16,0,3.5396825396825395
433,2070,Baby ABC in box! Kids alphabet games for toddlers!,Family,4.6,9652,55574528,1000000,Free,0.0,Everyone,Educational,2018-07-16,0,2.7567567567567566
434,3937,Fortune City - A Finance App,Finance,4.6,49275,95420416,500000,Free,0.0,Everyone,Finance,2018-07-17,0,3.6666666666666665
435,1862,FINAL FANTASY BRAVE EXVIUS,Game,4.6,745684,87031808,5000000,Free,0.0,Teen,Role Playing,2018-07-17,13,4.157894736842105
436,1677,Bubble Witch 3 Saga,Game,4.7,1732263,81788928,50000000,Free,0.0,Everyone,Puzzle,2018-07-17,0,3.4193548387096775
437,2018,Coloring & Learn,Family,4.4,12753,53477376,5000000,Free,0.0,Everyone,Educational,2018-07-17,0,2.8947368421052633
438,2337,Delta Dental,Medical,3.0,914,19990306,100000,Free,0.0,Everyone,Medical,2018-07-17,0,-0.15
439,3197,Choice Hotels,Travel and local,4.4,17915,25380126,1000000,Free,0.0,Everyone,Travel & Local,2018-07-18,0,2.0
440,3273,App vault,Tools,3.4,25094,9196251,10000000,Free,0.0,Everyone,Tools,2018-07-18,0,-0.14285714285714285
441,3257,Files Go by Google: Free up space on your phone,Tools,4.6,315585,8912896,10000000,Free,0.0,Everyone,Tools,2018-07-18,0,2.6470588235294117
442,1805,Grim Soul: Dark Fantasy Survival,Game,4.5,189773,99614720,5000000,Free,0.0,Teen,Role Playing,2018-07-18,13,3.638888888888889
443,2346,Anatomy Learning - 3D Atlas,Medical,4.5,72167,16777216,1000000,Free,0.0,Everyone,Medical,2018-07-18,0,4.527777777777778
444,2510,Blood Pressure(BP) Diary,Medical,3.7,3596,8808038,1000000,Free,0.0,Everyone,Medical,2018-07-18,0,0.35
445,3243,Device Help,Tools,4.2,28860,9196251,100000000,Free,0.0,Everyone,Tools,2018-07-18,0,0.05405405405405406
446,941,CW Seed,Entertainment,4.5,16372,13631488,500000,Free,0.0,Teen,Entertainment,2018-07-18,13,2.111111111111111
447,2972,BeSoccer - Soccer Live Score,Sports,4.5,152780,25226801,10000000,Free,0.0,Everyone,Sports,2018-07-18,0,1.9166666666666667
448,902,AMC Theatres,Entertainment,4.3,44550,75497472,1000000,Free,0.0,Everyone,Entertainment,2018-07-18,0,1.6666666666666667
449,3144,Flightradar24 Flight Tracker,Travel and local,4.3,171889,25380126,10000000,Free,0.0,Everyone,Travel & Local,2018-07-18,0,2.46875
450,3158,American Airlines,Travel and local,3.7,16980,25380126,5000000,Free,0.0,Everyone,Travel & Local,2018-07-18,0,-0.13953488372093023
451,32,Anime Manga Coloring Book,Art and design,4.5,5035,11534336,100000,Free,0.0,Everyone,Art & Design,2018-07-19,0,3.3333333333333335
452,182,Golden Dictionary (EN-AR),Books and reference,4.4,51269,6396313,1000000,Free,0.0,Everyone,Books & Reference,2018-07-19,0,1.7567567567567568
453,1717,Fishdom,Game,4.6,2157930,43791098,10000000,Free,0.0,Everyone,Puzzle,2018-07-19,0,5.056910569105691
454,1112,CreditWise from Capital One,Finance,4.6,26587,8808038,1000000,Free,0.0,Everyone,Finance,2018-07-19,0,2.5526315789473686
455,3199,Hotwire Hotel & Car Rental App,Travel and local,4.3,10323,25380126,1000000,Free,0.0,Everyone,Travel & Local,2018-07-19,0,0.7575757575757576
456,1776,Color Road,Game,4.1,84911,74448896,10000000,Free,0.0,Everyone,Arcade,2018-07-19,0,1.1891891891891893
457,7329,Chrome Beta,Productivity,4.4,228755,12911877,10000000,Free,0.0,Everyone,Productivity,2018-07-19,0,1.631578947368421
458,3456,Chrome Beta,Productivity,4.4,228794,12911877,10000000,Free,0.0,Everyone,Productivity,2018-08-06,0,1.631578947368421
459,953,HBO GO: Stream with TV Package,Entertainment,3.8,87723,33554432,10000000,Free,0.0,Teen,Entertainment,2018-07-19,13,0.12
460,820,Edmodo,Education,4.1,200058,18874368,10000000,Free,0.0,Everyone,Education,2018-07-20,0,2.085714285714286
461,9628,Edmodo,Family,4.1,200214,18874368,10000000,Free,0.0,Everyone,Education,2018-08-06,0,2.085714285714286
462,838,Canvas Student,Education,4.5,42828,18966860,1000000,Free,0.0,Everyone,Education,2018-07-20,0,1.0
463,1225,Easy Healthy Recipes,Food and drink,4.1,278,7549747,50000,Free,0.0,Everyone,Food & Drink,2018-07-20,0,4.103448275862069
464,255,Cisco Webex Meetings,Business,4.4,108741,29360128,10000000,Free,0.0,Everyone,Business,2018-07-20,0,1.6923076923076923
465,276,Crew - Free Messaging and Scheduling,Business,4.6,4159,50331648,500000,Free,0.0,Everyone,Business,2018-07-20,0,3.375
466,1916,Doodle Jump,Game,4.3,1083571,43791098,50000000,Free,0.0,Everyone,Arcade,2018-07-20,0,1.7555555555555555
467,736,English with Lingualeo,Education,4.7,254519,28311552,5000000,Free,0.0,Everyone,Education,2018-07-20,0,2.0
468,1985,Candy Crush Jelly Saga,Game,4.3,1300619,81788928,50000000,Free,0.0,Everyone,Puzzle,2018-07-20,0,0.5342465753424658
469,1247,Caviar - Food Delivery,Food and drink,4.2,3755,8912896,100000,Free,0.0,Everyone,Food & Drink,2018-07-20,0,1.2564102564102564
470,158,FamilySearch Tree,Books and reference,4.3,17506,17825792,1000000,Free,0.0,Everyone,Books & Reference,2018-07-20,0,1.4333333333333333
471,1199,Domino's Pizza USA,Food and drink,4.7,1032935,21932714,10000000,Free,0.0,Everyone,Food & Drink,2018-07-20,0,3.3962264150943398
472,386,Hangouts,Communication,4.0,3419433,11849884,1000000000,Free,0.0,Everyone,Communication,2018-07-21,0,1.6842105263157894
473,2814,Adobe Photoshop Express:Photo Editor Collage Maker,Photography,4.2,914804,16500391,50000000,Free,0.0,Everyone,Photography,2018-07-22,0,3.4761904761904763
474,1134,Bloomberg Professional,Finance,4.1,3334,18211524,500000,Free,0.0,Everyone,Finance,2018-07-23,0,0.075
475,1167,Discover Mobile,Finance,4.6,87951,71303168,5000000,Free,0.0,Everyone,Finance,2018-07-23,0,3.0
476,3561,Business Calendar 2,Productivity,4.6,102594,15728640,5000000,Free,0.0,Everyone,Productivity,2018-07-23,0,2.68
477,1220,Cookbook Recipes,Food and drink,4.1,46539,21932714,5000000,Free,0.0,Teen,Food & Drink,2018-07-23,13,2.810810810810811
478,1110,Branch,Finance,4.6,69973,3984588,1000000,Free,0.0,Everyone,Finance,2018-07-23,0,1.35
479,1344,Headspace: Meditation & Mindfulness,Health and fitness,4.6,77563,40894464,10000000,Free,0.0,Everyone,Health & Fitness,2018-07-23,0,2.0
480,1173,Chase Mobile,Finance,4.6,1374549,33554432,10000000,Free,0.0,Everyone,Finance,2018-07-23,0,1.5
481,1994,Fruit Block - Puzzle Legend,Game,4.6,125647,34603008,10000000,Free,0.0,Everyone,Casual,2018-07-23,0,-4.0
482,2682,Family Dollar,Shopping,4.3,2588,22020096,1000000,Free,0.0,Everyone,Shopping,2018-07-23,0,1.3428571428571427
483,1777,Draw In,Game,4.2,46416,76546048,10000000,Free,0.0,Everyone,Arcade,2018-07-23,0,3.0
484,589,BBW Dating & Curvy Singles Chat- LargeFriends,Dating,4.4,218,28311552,10000,Free,0.0,Mature 17+,Dating,2018-07-23,17,2.026666666666667
485,1999,Bowmasters,Game,4.7,1536349,43791098,50000000,Free,0.0,Teen,Action,2018-07-23,13,2.46474358974359
486,1236,Foursquare City Guide,Food and drink,4.1,483960,21932714,10000000,Free,0.0,Teen,Food & Drink,2018-07-23,13,1.4642857142857142
487,2009,DEAD TARGET: FPS Zombie Apocalypse Survival Games,Game,4.5,1468638,43791098,50000000,Free,0.0,Mature 17+,Action,2018-07-23,17,2.904
488,3932,AutoCAD - DWG Viewer & Editor,Productivity,4.2,145088,25165824,10000000,Free,0.0,Everyone,Productivity,2018-07-23,0,1.25
489,3880,Agar.io,Game,4.2,3815614,33554432,100000000,Free,0.0,Everyone,Action,2018-07-23,0,-0.0661764705882353
490,1269,Fat Burning Workout - Home Weight lose,Health and fitness,4.5,706,9856614,100000,Free,0.0,Everyone,Health & Fitness,2018-07-24,0,1.3888888888888888
491,1279,Abs Training-Burn belly fat,Health and fitness,4.7,2071,7235174,100000,Free,0.0,Everyone,Health & Fitness,2018-07-24,0,1.75
492,1317,Google Fit - Fitness Tracking,Health and fitness,3.9,249855,21673327,10000000,Free,0.0,Everyone,Health & Fitness,2018-07-24,0,0.55
493,670,Free Dating & Flirt Chat - Choice of Love,Dating,4.0,42197,16421871,5000000,Free,0.0,Mature 17+,Dating,2018-07-24,17,0.5714285714285714
494,2078,Dr. Panda Town: Vacation,Family,3.8,10366,81788928,1000000,Free,0.0,Everyone,Education,2018-07-24,0,2.1142857142857143
495,907,Animal Planet GO,Entertainment,4.2,2442,10066329,100000,Free,0.0,Teen,Entertainment,2018-07-24,13,2.0
496,1445,Daily Yoga - Yoga Fitness Plans,Health and fitness,4.4,70769,36700160,5000000,Free,0.0,Everyone,Health & Fitness,2018-07-24,0,4.583333333333333
497,1425,Happify,Health and fitness,3.7,1812,38797312,100000,Free,0.0,Everyone,Health & Fitness,2018-07-24,0,3.75
498,1118,Fresh EBT - Food Stamp Balance,Finance,4.5,19870,7759462,1000000,Free,0.0,Everyone,Finance,2018-07-24,0,2.0
499,239,Google My Business,Business,4.4,70991,14540488,5000000,Free,0.0,Everyone,Business,2018-07-24,0,1.0769230769230769
500,1068,BBVA Spain,Finance,4.2,36746,18211524,5000000,Free,0.0,Everyone,Finance,2018-07-24,0,2.212121212121212
501,2159,Checkers ‚úîÔ∏è,Family,4.1,3617,19922944,1000000,Free,0.0,Everyone,Board,2018-07-24,0,1.5277777777777777
502,3831,Air Traffic,Maps and navigation,4.3,14110,7130316,1000000,Free,0.0,Everyone,Maps & Navigation,2018-07-24,0,1.2272727272727273
503,3178,British Airways,Travel and local,4.2,25740,53477376,1000000,Free,0.0,Everyone,Travel & Local,2018-07-24,0,1.0
504,3043,DraftKings - Daily Fantasy Sports,Sports,4.5,50017,42991616,1000000,Free,0.0,Adults only 18+,Sports,2018-07-24,18,2.75
505,3780,BBC News,News and magazines,4.3,296781,13075903,10000000,Free,0.0,Everyone 10+,News & Magazines,2018-07-24,10,0.6031746031746031
506,3892,Azar,Communication,4.2,1092337,11849884,50000000,Free,0.0,Mature 17+,Communication,2018-07-24,17,0.25
507,3420,Asteroids 3D live wallpaper,Personalization,4.1,157495,6710886,10000000,Free,0.0,Everyone,Personalization,2018-07-24,0,2.129032258064516
508,2815,HD Camera - Quick Snap Photo & Video,Photography,4.5,21841,8074035,1000000,Free,0.0,Everyone,Photography,2018-07-24,0,2.411764705882353
509,3316,Hideman VPN,Tools,4.1,88675,10066329,5000000,Free,0.0,Everyone,Tools,2018-07-24,0,0.2903225806451613
510,376,GMX Mail,Communication,4.3,258556,11849884,10000000,Free,0.0,Everyone,Communication,2018-07-25,0,2.0
511,8714,Dairy Queen,Food and drink,3.6,742,45088768,100000,Free,0.0,Everyone,Food & Drink,2018-07-25,0,1.3333333333333333
512,1209,Dairy Queen,Food and drink,3.7,731,45088768,100000,Free,0.0,Everyone,Food & Drink,2018-07-25,0,1.3333333333333333
513,504,BLK - Swipe. Match. Chat.,Dating,4.1,2067,25165824,100000,Free,0.0,Mature 17+,Dating,2018-07-25,17,1.675
514,2708,Gyft - Mobile Gift Card Wallet,Shopping,4.1,9701,14680064,500000,Free,0.0,Everyone,Shopping,2018-07-25,0,-0.25
515,496,Black People Meet Singles Date,Dating,3.9,10212,5242880,1000000,Free,0.0,Mature 17+,Dating,2018-07-25,17,1.5714285714285714
516,1116,Credit Sesame,Finance,4.3,25166,11534336,1000000,Free,0.0,Everyone,Finance,2018-07-25,0,1.2105263157894737
517,3666,All Video Downloader 2018,Video players,4.3,7557,5872025,1000000,Free,0.0,Everyone,Video Players & Editors,2018-07-25,0,2.0
518,3668,HD Video Player,Video players,4.3,1551,3040870,1000000,Free,0.0,Everyone,Video Players & Editors,2018-07-25,0,2.4210526315789473
519,3392,Colorful Glitter Neon Butterfly Keyboard Theme,Personalization,4.3,2056,10276044,500000,Free,0.0,Everyone,Personalization,2018-07-25,0,0.8125
520,3239,Cache Cleaner-DU Speed Booster (booster & cleaner),Tools,4.5,12759663,15728640,100000000,Free,0.0,Everyone,Tools,2018-07-25,0,1.9230769230769231
521,3731,ARY NEWS URDU,News and magazines,4.4,1071,10171187,500000,Free,0.0,Everyone,News & Magazines,2018-07-25,0,0.8823529411764706
522,1686,Bubble Shooter 2,Game,4.3,23005,43791098,5000000,Free,0.0,Everyone,Arcade,2018-07-25,0,1.8181818181818181
523,3784,Bloomberg: Market & Financial News,News and magazines,4.2,61692,28311552,10000000,Free,0.0,Everyone,News & Magazines,2018-07-25,0,0.45
524,2990,Championat,Sports,4.3,36490,25226801,1000000,Free,0.0,Everyone,Sports,2018-07-25,0,1.65
525,104,Hairstyles step by step,Beauty,4.6,4369,14680064,100000,Free,0.0,Everyone,Beauty,2018-07-25,0,3.3333333333333335
526,1864,Fate/Grand Order (English),Game,4.4,16601,57671680,500000,Free,0.0,Teen,Role Playing,2018-07-26,13,3.3
527,3707,BluTV,Video players,3.9,28835,16618796,1000000,Free,0.0,Teen,Video Players & Editors,2018-07-26,13,1.36
528,3184,Flights,Travel and local,4.4,18039,3250585,1000000,Free,0.0,Everyone,Travel & Local,2018-07-26,0,0.11538461538461539
529,2350,Baritastic - Bariatric Tracker,Medical,4.7,4318,12582912,100000,Free,0.0,Everyone,Medical,2018-07-26,0,2.875
530,1571,Entel,Lifestyle,3.2,16168,57671680,1000000,Free,0.0,Everyone,Lifestyle,2018-07-26,0,0.07692307692307693
531,1635,Etta Homes,Lifestyle,4.2,220,15728640,50000,Free,0.0,Everyone,Lifestyle,2018-07-26,0,2.717948717948718
532,2303,GoodRx Drug Prices and Coupons,Medical,4.8,59158,11534336,1000000,Free,0.0,Everyone,Medical,2018-07-26,0,2.6486486486486487
533,2810,HD Camera - Best Cam with filters & panorama,Photography,4.5,38953,10171187,5000000,Free,0.0,Everyone,Photography,2018-07-26,0,2.0833333333333335
534,1795,Flip the Gun - Simulator Game,Game,4.2,195558,90177536,10000000,Free,0.0,Everyone,Arcade,2018-07-26,0,0.6923076923076923
535,679,FlirtChat - ‚ô•Free Dating/Flirting App‚ô•,Dating,4.3,2433,13631488,500000,Free,0.0,Mature 17+,Dating,2018-07-26,17,1.6285714285714286
536,3114,Google Trips - Travel Planner,Travel and local,4.1,26871,25380126,5000000,Free,0.0,Everyone,Travel & Local,2018-07-26,0,2.0
537,4144,Google+,Social,4.2,4828372,16760299,1000000000,Free,0.0,Teen,Social,2018-07-26,13,3.0
538,967,FOX NOW - On Demand & Live TV,Entertainment,3.9,60841,24120802,5000000,Free,0.0,Teen,Entertainment,2018-07-26,13,-0.23636363636363636
539,1174,HDFC Bank MobileBanking,Finance,4.2,208463,18211524,10000000,Free,0.0,Everyone,Finance,2018-07-26,0,0.5714285714285714
540,2011,Farm Heroes Saga,Game,4.4,7614407,73400320,100000000,Free,0.0,Everyone,Casual,2018-07-26,0,1.6818181818181819
541,10186,Farm Heroes Saga,Family,4.4,7615646,74448896,100000000,Free,0.0,Everyone,Casual,2018-08-07,0,1.6818181818181819
542,2128,Doctor Pets,Family,4.2,23060,22020096,1000000,Free,0.0,Everyone,Educational,2018-07-26,0,2.375
543,8193,COOKING MAMA Let's Cook!,Family,4.3,528917,61865984,10000000,Free,0.0,Everyone,Educational,2018-07-26,0,2.8333333333333335
544,4864,Angry Birds 2,Family,4.6,3881752,59768832,100000000,Free,0.0,Everyone,Casual,2018-07-26,0,2.896551724137931
545,277,Asana: organize team projects,Business,4.3,20815,10485760,1000000,Free,0.0,Everyone,Business,2018-07-26,0,2.86046511627907
546,1284,BetterMe: Weight Loss Workouts,Health and fitness,4.2,14709,15728640,5000000,Free,0.0,Everyone,Health & Fitness,2018-07-26,0,2.2162162162162162
547,8412,Dungeon Hunter Champions: Epic Online Action RPG,Family,4.2,26307,28612316,1000000,Free,0.0,Teen,Role Playing,2018-07-26,13,2.35
548,1275,Fitbit,Health and fitness,3.9,357417,21673327,10000000,Free,0.0,Everyone,Health & Fitness,2018-07-26,0,-0.6666666666666666
549,1163,Google Pay,Finance,4.2,347874,18211524,100000000,Free,0.0,Everyone,Finance,2018-07-26,0,1.3846153846153846
550,3142,Foursquare Swarm: Check In,Travel and local,3.9,421800,25380126,10000000,Free,0.0,Teen,Travel & Local,2018-07-27,13,0.034482758620689655
551,1784,Baseball Boy!,Game,3.4,148177,81788928,10000000,Free,0.0,Everyone,Arcade,2018-07-27,0,1.3
552,2058,Baby Tiger Care - My Cute Virtual Pet Friend,Family,4.5,432,66060288,100000,Free,0.0,Everyone 10+,Educational,2018-07-27,10,1.8888888888888888
553,1050,Citibanamex Movil,Finance,3.6,52306,44040192,5000000,Free,0.0,Everyone,Finance,2018-07-27,0,0.8205128205128205
554,143,Amazon Kindle,Books and reference,4.2,814080,13772056,100000000,Free,0.0,Teen,Books & Reference,2018-07-27,13,0.9230769230769231
555,3300,Calculator Plus Free,Tools,4.6,679912,9196251,10000000,Free,0.0,Everyone,Tools,2018-07-27,0,2.5
556,875,DStv Now,Entertainment,3.9,34923,24120802,5000000,Free,0.0,Teen,Entertainment,2018-07-27,13,0.0
557,2317,Anthem Anywhere,Medical,2.7,2657,25165824,500000,Free,0.0,Everyone,Medical,2018-07-27,0,0.03076923076923077
558,3881,Color by Number - Draw Sandbox Pixel Art,Family,4.6,10247,15728640,1000000,Free,0.0,Everyone,Entertainment,2018-07-27,0,2.2717391304347827
559,488,BBW Dating & Plus Size Chat,Dating,4.4,12632,30408704,1000000,Free,0.0,Mature 17+,Dating,2018-07-27,17,0.6486486486486487
560,2312,Doctor On Demand,Medical,4.7,18674,19990306,1000000,Free,0.0,Everyone,Medical,2018-07-27,0,2.361111111111111
561,9680,Frozen Free Fall,Family,4.3,1574546,38797312,50000000,Free,0.0,Everyone,Puzzle,2018-07-27,0,2.1166666666666667
562,1154,BBVA Compass Banking,Finance,4.3,5905,52428800,500000,Free,0.0,Everyone,Finance,2018-07-27,0,1.1379310344827587
563,2581,Family GPS tracker KidControl + GPS by SMS Locator,Social,4.5,57146,16760299,1000000,Free,0.0,Everyone,Social,2018-07-27,0,1.21875
564,2322,1800 Contacts - Lens Store,Medical,4.7,23160,27262976,1000000,Free,0.0,Everyone,Medical,2018-07-27,0,2.3
565,10018,Food Network,Family,4.1,7823,28612316,500000,Free,0.0,Teen,Entertainment,2018-07-27,13,0.7605633802816901
566,5958,Anthem BC Anywhere,Medical,2.6,496,25165824,100000,Free,0.0,Everyone,Medical,2018-07-27,0,-0.4838709677419355
567,906,Cooking Channel,Entertainment,4.1,1033,16777216,100000,Free,0.0,Teen,Entertainment,2018-07-27,13,2.1025641025641026
568,3035,Golf GPS Rangefinder: Golf Pad,Sports,4.6,13098,25226801,1000000,Free,0.0,Everyone,Sports,2018-07-28,0,4.102564102564102
569,3294,Flashlight HD LED,Tools,4.3,618918,9196251,50000000,Free,0.0,Everyone,Tools,2018-07-28,0,1.9655172413793103
570,2852,Blur Image Background Editor (Blur Photo Editor),Photography,4.4,62421,10066329,5000000,Free,0.0,Everyone,Photography,2018-07-28,0,1.6923076923076923
571,2328,CVS Caremark,Medical,3.5,3707,10485760,500000,Free,0.0,Everyone,Medical,2018-07-28,0,0.4358974358974359
572,3381,Door Lock Screen,Personalization,4.3,5413,4089446,1000000,Free,0.0,Everyone,Personalization,2018-07-28,0,2.2564102564102564
573,3849,GPS Traffic Speedcam Route Planner by ViaMichelin,Maps and navigation,4.3,63920,30408704,5000000,Free,0.0,Everyone,Maps & Navigation,2018-07-28,0,1.2777777777777777
574,181,English-Myanmar Dictionary,Books and reference,4.4,8788,10485760,1000000,Free,0.0,Everyone,Books & Reference,2018-07-28,0,2.1315789473684212
575,183,All Language Translator Free,Books and reference,4.4,30105,2202009,1000000,Free,0.0,Everyone,Books & Reference,2018-07-29,0,2.3333333333333335
576,2526,BELONG Beating Cancer Together,Medical,4.7,623,20971520,50000,Free,0.0,Teen,Medical,2018-07-29,13,2.3684210526315788
577,86,BEST CAR SOUNDS,Auto and vehicles,4.3,348,39845888,100000,Free,0.0,Everyone,Auto & Vehicles,2018-07-29,0,2.1621621621621623
578,3083,365Scores - Live Scores,Sports,4.6,666521,26214400,10000000,Free,0.0,Everyone,Sports,2018-07-29,0,2.142857142857143
579,3030,Golf GPS by SwingxSwing,Sports,4.6,37167,25226801,1000000,Free,0.0,Everyone,Sports,2018-07-30,0,2.2
580,3220,Cheap hotel deals and discounts ‚Äî Hotellook,Travel and local,4.5,7153,25380126,1000000,Free,0.0,Everyone,Travel & Local,2018-07-30,0,1.3333333333333333
581,1278,Cycling - Bike Tracker,Health and fitness,4.5,9116,4194304,500000,Free,0.0,Everyone,Health & Fitness,2018-07-30,0,1.88
582,3134,Flight & Hotel Booking App - ixigo,Travel and local,4.4,45562,25380126,5000000,Free,0.0,Everyone,Travel & Local,2018-07-30,0,2.1818181818181817
583,3151,2GIS: directory & navigator,Travel and local,4.5,768833,25380126,50000000,Free,0.0,Everyone,Travel & Local,2018-07-30,0,1.225
584,1813,Cooking Madness - A Chef's Restaurant Games,Game,4.7,358817,51380224,10000000,Free,0.0,Everyone,Arcade,2018-07-30,0,3.2972972972972974
585,2771,ASOS,Shopping,4.7,181798,23068672,10000000,Free,0.0,Everyone,Shopping,2018-07-30,0,3.378787878787879
586,1853,Choices: Stories You Play,Game,4.6,807338,97517568,10000000,Free,0.0,Teen,Simulation,2018-07-30,13,3.5128205128205128
587,4185,H&M,Lifestyle,3.7,41917,14680064,10000000,Free,0.0,Everyone,Lifestyle,2018-07-30,0,0.5135135135135135
588,4989,Flipp - Weekly Shopping,Shopping,4.6,85782,16237426,10000000,Free,0.0,Everyone,Shopping,2018-07-30,0,2.870967741935484
589,1687,Barbie‚Ñ¢ Fashion Closet,Game,4.1,68057,89128960,10000000,Free,0.0,Everyone,Casual,2018-07-30,0,2.4805194805194803
590,3946,B612 - Beauty & Filter Camera,Photography,4.4,5276983,16500391,100000000,Free,0.0,Everyone,Photography,2018-07-30,0,2.0
591,802,Babbel ‚Äì Learn Spanish,Education,4.4,54798,11534336,1000000,Free,0.0,Everyone,Education,2018-07-30,0,1.7179487179487178
592,267,Google Ads,Business,4.3,29313,20971520,5000000,Free,0.0,Everyone,Business,2018-07-30,0,1.1944444444444444
593,2881,Blur Image Background,Photography,3.9,129272,11534336,10000000,Free,0.0,Everyone,Photography,2018-07-30,0,1.8181818181818181
594,8297,Babbel ‚Äì Learn Languages,Family,4.3,267787,22020096,10000000,Free,0.0,Everyone,Education,2018-07-30,0,2.3541666666666665
595,1171,Citi Mobile¬Æ,Finance,4.0,78306,48234496,5000000,Free,0.0,Everyone,Finance,2018-07-31,0,-0.6
596,1165,Bank of America Mobile Banking,Finance,4.4,341090,55574528,10000000,Free,0.0,Everyone,Finance,2018-07-31,0,1.9375
597,3358,Golden Launcher,Personalization,4.4,32794,12582912,5000000,Free,0.0,Everyone,Personalization,2018-07-31,0,2.763157894736842
598,279,AdWords Express,Business,4.1,7149,11534336,1000000,Free,0.0,Everyone,Business,2018-07-31,0,0.76
599,428,Contacts+,Communication,4.2,190613,11534336,10000000,Free,0.0,Everyone,Communication,2018-07-31,0,1.9210526315789473
600,3597,Family Album Mitene: Private Photo & Video Sharing,Parenting,4.7,34336,23606552,1000000,Free,0.0,Everyone,Parenting,2018-07-31,0,3.230769230769231
601,1248,DoorDash - Food Delivery,Food and drink,4.5,104504,21932714,1000000,Free,0.0,Everyone,Food & Drink,2018-07-31,0,0.2
602,172,Ancestry,Books and reference,4.3,64513,13772056,5000000,Free,0.0,Everyone,Books & Reference,2018-07-31,0,2.081081081081081
603,3833,Atlan3D Navigation: Korea navigator,Maps and navigation,4.2,22063,17162854,1000000,Free,0.0,Everyone,Maps & Navigation,2018-07-31,0,2.138888888888889
604,4039,Google Duo - High Quality Video Calls,Communication,4.6,2083237,11849884,500000000,Free,0.0,Everyone,Communication,2018-07-31,0,4.555555555555555
605,567,2RedBeans,Dating,4.0,337,33554432,10000,Free,0.0,Mature 17+,Dating,2018-07-31,17,2.41025641025641
606,204,Box,Business,4.2,159872,14540488,10000000,Free,0.0,Everyone,Business,2018-07-31,0,2.3333333333333335
607,515,Dating for 50 plus Mature Singles ‚Äì FINALLY,Dating,4.6,13046,13631488,500000,Free,0.0,Mature 17+,Dating,2018-07-31,17,2.7142857142857144
608,1095,Acorns - Invest Spare Change,Finance,4.3,45957,18211524,1000000,Free,0.0,Everyone,Finance,2018-07-31,0,0.6
609,1093,Digit Save Money Automatically,Finance,4.5,8188,23068672,100000,Free,0.0,Everyone,Finance,2018-07-31,0,3.892857142857143
610,3189,Cheapflights ‚Äì Flight Search,Travel and local,4.4,47780,19922944,5000000,Free,0.0,Everyone,Travel & Local,2018-07-31,0,2.41025641025641
611,1807,Disney Heroes: Battle Mode,Game,4.6,102107,43791098,5000000,Free,0.0,Everyone 10+,Strategy,2018-07-31,10,1.0
612,1812,Hero Hunters,Game,4.4,70747,103809024,5000000,Free,0.0,Teen,Action,2018-07-31,13,3.2
613,1786,Episode - Choose Your Story,Game,4.3,1841061,43791098,50000000,Free,0.0,Teen,Simulation,2018-07-31,13,2.05625
614,1482,Alfred Home Security Camera,House and home,4.5,103305,16745769,5000000,Free,0.0,Everyone,House & Home,2018-07-31,0,1.8666666666666667
615,2044,Garden Fruit Legend,Family,4.6,4289,34603008,500000,Free,0.0,Everyone,Casual,2018-07-31,0,2.9743589743589745
616,7539,CM Locker - Security Lockscreen,Tools,4.6,3090680,9196251,100000000,Free,0.0,Everyone,Tools,2018-07-31,0,1.872093023255814
617,3212,HotelTonight: Book amazing deals at great hotels,Travel and local,4.4,57573,25380126,5000000,Free,0.0,Everyone,Travel & Local,2018-07-31,0,3.204724409448819
618,1377,Couch to 5K by RunDouble,Health and fitness,4.7,15674,6396313,1000000,Free,0.0,Everyone,Health & Fitness,2018-07-31,0,2.41025641025641
619,1508,Homesnap Real Estate & Rentals,House and home,4.3,3834,31457280,500000,Free,0.0,Everyone,House & Home,2018-07-31,0,2.4285714285714284
620,1824,Guns of Glory,Game,4.0,120592,80740352,10000000,Free,0.0,Everyone 10+,Strategy,2018-07-31,10,0.625
621,1404,Calorie Counter - MyFitnessPal,Health and fitness,4.6,1873520,21673327,50000000,Free,0.0,Everyone,Health & Fitness,2018-07-31,0,1.2992125984251968
622,7455,Credit Karma,Finance,4.7,706618,18211524,10000000,Free,0.0,Everyone,Finance,2018-07-31,0,2.9714285714285715
623,3172,Hipmunk Hotels & Flights,Travel and local,4.3,16734,10485760,1000000,Free,0.0,Everyone,Travel & Local,2018-07-31,0,2.8857142857142857
624,2654,Amazon for Tablets,Shopping,4.0,141613,23068672,10000000,Free,0.0,Teen,Shopping,2018-07-31,13,1.05
625,2664,Amazon Shopping,Shopping,4.3,909226,44040192,100000000,Free,0.0,Teen,Shopping,2018-07-31,13,1.3111111111111111
626,2694,11st,Shopping,3.8,48732,20971520,10000000,Free,0.0,Everyone,Shopping,2018-07-31,0,0.8717948717948718
627,3265,Gboard - the Google Keyboard,Tools,4.2,1859115,9196251,500000000,Free,0.0,Everyone,Tools,2018-07-31,0,1.9210526315789473
628,2862,BeautyPlus - Easy Photo Editor & Selfie Camera,Photography,4.4,3157936,55574528,100000000,Free,0.0,Everyone,Photography,2018-07-31,0,2.0
629,1437,7 Cups: Anxiety & Stress Chat,Health and fitness,4.2,13799,21673327,500000,Free,0.0,Teen,Health & Fitness,2018-07-31,13,1.875
630,3147,Fly Delta,Travel and local,3.7,27560,48234496,5000000,Free,0.0,Everyone,Travel & Local,2018-07-31,0,1.619718309859155
631,2318,Blood Donor,Medical,4.2,4476,20971520,500000,Free,0.0,Everyone,Medical,2018-07-31,0,1.641025641025641
632,1970,8 Ball Pool,Game,4.5,14201604,54525952,100000000,Free,0.0,Everyone,Sports,2018-07-31,0,2.4383561643835616
633,2970,Football Live Scores,Sports,4.5,107724,6815744,5000000,Free,0.0,Everyone,Sports,2018-07-31,0,3.4411764705882355
634,1964,GUNSHIP BATTLE: Helicopter 3D,Game,4.3,2151039,78643200,50000000,Free,0.0,Teen,Action,2018-08-01,13,2.0294117647058822
635,1035,Goldstar: Live Event Tickets,Events,4.5,1953,14641913,100000,Free,0.0,Teen,Events,2018-08-01,13,3.4
636,3130,Goibibo - Flight Hotel Bus Car IRCTC Booking App,Travel and local,4.3,459851,25380126,10000000,Free,0.0,Everyone,Travel & Local,2018-08-01,0,1.8157894736842106
637,490,CMB Free Dating App,Dating,4.0,48845,41943040,1000000,Free,0.0,Mature 17+,Dating,2018-08-01,17,2.140845070422535
638,4040,Crossy Road,Game,4.5,4229977,62914560,100000000,Free,0.0,Everyone,Action,2018-08-01,0,3.879120879120879
639,1684,Galaxy Attack: Alien Shooter,Game,4.6,506275,43791098,10000000,Free,0.0,Everyone,Arcade,2018-08-01,0,2.298507462686567
640,662,95Live -SG#1 Live Streaming App,Dating,4.1,4954,15728640,1000000,Free,0.0,Teen,Dating,2018-08-01,13,0.5897435897435898
641,6989,Color by Number ‚Äì New Coloring Book,Game,4.7,142308,25165824,5000000,Free,0.0,Everyone 10+,Board,2018-08-01,10,3.3783783783783785
642,1821,Dino War: Rise of Beasts,Game,4.1,18996,84934656,1000000,Free,0.0,Teen,Strategy,2018-08-01,13,1.7037037037037037
643,1803,Harry Potter: Hogwarts Mystery,Game,4.4,1107310,43791098,10000000,Free,0.0,Teen,Adventure,2018-08-01,13,4.37037037037037
644,3816,Google News,News and magazines,3.9,877643,13631488,1000000000,Free,0.0,Teen,News & Magazines,2018-08-01,13,2.3076923076923075
645,1244,BeyondMenu Food Delivery,Food and drink,4.7,51517,21932714,1000000,Free,0.0,Everyone,Food & Drink,2018-08-01,0,2.1842105263157894
646,2094,Basketball FRVR - Shoot the Hoop and Slam Dunk!,Family,4.5,4076,28612316,100000,Free,0.0,Everyone,Sports,2018-08-01,0,2.3714285714285714
647,3473,Dropbox,Productivity,4.4,1861310,63963136,500000000,Free,0.0,Everyone,Productivity,2018-08-01,0,1.2105263157894737
648,1353,Best Ovulation Tracker Fertility Calendar App Glow,Health and fitness,4.6,56145,24117248,1000000,Free,0.0,Everyone,Health & Fitness,2018-08-01,0,3.0
649,1175,Barclays US for Android,Finance,4.1,6998,25165824,1000000,Free,0.0,Everyone,Finance,2018-08-01,0,-0.225
650,2546,Facebook Lite,Social,4.3,8606259,16760299,500000000,Free,0.0,Teen,Social,2018-08-01,13,-0.06896551724137931
651,215,Facebook Ads Manager,Business,4.1,19023,14540488,1000000,Free,0.0,Everyone,Business,2018-08-01,0,0.7428571428571429
652,2374,Diabetes:M,Medical,4.6,15545,19990306,100000,Free,0.0,Everyone,Medical,2018-08-01,0,3.1794871794871793
653,396,Android Messages,Communication,4.2,781810,11849884,100000000,Free,0.0,Everyone,Communication,2018-08-01,0,0.5581395348837209
654,1747,Farm Fruit Pop: Party Time,Game,4.4,9305,14680064,1000000,Free,0.0,Everyone,Casual,2018-08-02,0,2.161290322580645
655,2900,Beauty Makeup Snappy Collage Photo Editor - Lidow,Photography,4.5,420973,16500391,10000000,Free,0.0,Everyone,Photography,2018-08-02,0,1.5
656,92,Fuelio: Gas log & costs,Auto and vehicles,4.6,65786,21010115,1000000,Free,0.0,Everyone,Auto & Vehicles,2018-08-02,0,2.5
657,1992,Hill Climb Racing 2,Game,4.6,2750645,43791098,100000000,Free,0.0,Everyone,Racing,2018-08-02,0,4.28125
658,451,Gmail,Communication,4.3,4604483,11849884,1000000000,Free,0.0,Everyone,Communication,2018-08-02,0,0.203125
659,406,BBM - Free Calls & Messages,Communication,4.3,12842860,11849884,100000000,Free,0.0,Everyone,Communication,2018-08-02,0,1.5142857142857142
660,2803,FreePrints ‚Äì Free Photos Delivered,Photography,4.8,109500,38797312,1000000,Free,0.0,Everyone,Photography,2018-08-02,0,4.138888888888889
661,2798,Boxed Wholesale,Shopping,3.8,6380,16237426,1000000,Free,0.0,Everyone,Shopping,2018-08-02,0,3.15
662,258,Cisco Webex Teams,Business,4.2,1661,48234496,100000,Free,0.0,Everyone,Business,2018-08-02,0,0.625
663,1850,Best Fiends - Free Puzzle Game,Game,4.6,1480189,43791098,10000000,Free,0.0,Everyone,Casual,2018-08-02,0,9.0
664,251,Accounting App - Zoho Books,Business,4.5,3079,8912896,100000,Free,0.0,Everyone,Business,2018-08-02,0,2.3098591549295775
665,2118,Disney Magic Kingdoms: Build Your Own Magical Park,Family,4.3,472584,95420416,10000000,Free,0.0,Everyone,Simulation,2018-08-02,0,2.2127659574468086
666,6546,Badoo - Free Chat & Dating App,Social,4.3,3781467,16760299,100000000,Free,0.0,Mature 17+,Social,2018-08-02,17,0.75
667,1828,Chapters: Interactive Stories,Game,4.5,73539,100663296,1000000,Free,0.0,Mature 17+,Role Playing,2018-08-02,17,4.5
668,3598,Family GPS Tracker and Chat + Baby Monitor Online,Parenting,4.4,9073,23606552,500000,Free,0.0,Everyone,Parenting,2018-08-02,0,2.8378378378378377
669,886,Amazon Prime Video,Entertainment,4.2,411683,25165824,50000000,Free,0.0,Teen,Entertainment,2018-08-02,13,5.0
670,1620,Homestyler Interior Design & Decorating Ideas,Lifestyle,4.1,78298,30408704,5000000,Free,0.0,Everyone,Lifestyle,2018-08-02,0,2.8823529411764706
671,3884,Build a Bridge!,Family,4.6,263454,77594624,10000000,Free,0.0,Everyone,Puzzle,2018-08-02,0,1.8604651162790697
672,1522,Chakra Cleansing,Libraries and demo,4.6,539,103809024,50000,Free,0.0,Everyone,Libraries & Demo,2018-08-02,0,3.025
673,3804,Haystack TV: Local & World News - Free,News and magazines,4.3,3684,13075903,100000,Free,0.0,Everyone 10+,News & Magazines,2018-08-02,10,2.2666666666666666
674,1561,EyeCloud,Libraries and demo,3.1,1267,57671680,100000,Free,0.0,Everyone,Libraries & Demo,2018-08-02,0,0.48717948717948717
675,1577,Family Locator - GPS Tracker,Lifestyle,4.4,726074,47185920,10000000,Free,0.0,Everyone,Lifestyle,2018-08-02,0,1.982608695652174
676,3634,Free live weather on screen,Weather,4.4,15370,22020096,1000000,Free,0.0,Everyone,Weather,2018-08-02,0,2.3947368421052633
677,3098,Fantasy Football,Sports,3.5,50179,24117248,1000000,Free,0.0,Everyone,Sports,2018-08-02,0,0.13043478260869565
678,1135,E*TRADE Mobile,Finance,3.9,10658,60817408,1000000,Free,0.0,Everyone,Finance,2018-08-02,0,0.0
679,1239,Grubhub: Food Delivery,Food and drink,4.5,155944,36700160,5000000,Free,0.0,Everyone,Food & Drink,2018-08-02,0,1.105263157894737
680,3941,Bible,Books and reference,4.7,2440695,13772056,100000000,Free,0.0,Teen,Books & Reference,2018-08-02,13,3.381443298969072
681,1243,Eat24 Food Delivery & Takeout,Food and drink,4.3,40116,21932714,1000000,Free,0.0,Everyone,Food & Drink,2018-08-02,0,1.025
682,7353,Chrome Dev,Communication,4.4,63576,11849884,5000000,Free,0.0,Everyone,Communication,2018-08-02,0,1.1282051282051282
683,1337,21-Day Meditation Experience,Health and fitness,4.4,11506,15728640,100000,Free,0.0,Everyone,Health & Fitness,2018-08-02,0,3.325
684,993,Fandango Movies - Times + Tickets,Entertainment,4.6,243747,24120802,10000000,Free,0.0,Teen,Entertainment,2018-08-02,13,1.696969696969697
685,1283,Garmin Connect‚Ñ¢,Health and fitness,3.9,232153,21673327,10000000,Free,0.0,Everyone,Health & Fitness,2018-08-02,0,1.25
686,3116,Airbnb,Travel and local,4.4,359403,25380126,10000000,Free,0.0,Everyone,Travel & Local,2018-08-02,0,1.467741935483871
687,3122,GasBuddy: Find Cheap Gas,Travel and local,4.6,751551,44040192,10000000,Free,0.0,Mature 17+,Travel & Local,2018-08-02,17,1.8
688,3924,Fake Call - Fake Caller ID,Productivity,4.3,154668,12911877,10000000,Free,0.0,Everyone,Productivity,2018-08-02,0,1.9701492537313432
689,3330,Google Handwriting Input,Tools,4.3,94427,9196251,10000000,Free,0.0,Everyone,Tools,2018-08-02,0,1.3421052631578947
690,1997,1LINE ‚Äì One Line with One Touch,Game,4.6,214878,10485760,10000000,Free,0.0,Everyone,Board,2018-08-03,0,1.894736842105263
691,1983,Gems or jewels ?,Game,4.7,171448,13631488,10000000,Free,0.0,Teen,Puzzle,2018-08-03,13,2.2051282051282053
692,2673,GS SHOP,Shopping,3.8,44255,15728640,10000000,Free,0.0,Everyone,Shopping,2018-08-03,0,1.8421052631578947
693,498,Free Dating App & Flirt Chat - Cheers,Dating,4.4,667,28311552,10000,Free,0.0,Mature 17+,Dating,2018-08-03,17,1.34375
694,409,2ndLine - Second Phone Number,Communication,4.2,15880,33554432,1000000,Free,0.0,Everyone,Communication,2018-08-03,0,-0.05
695,1231,Cookpad,Food and drink,4.5,131569,8598323,10000000,Free,0.0,Everyone,Food & Drink,2018-08-03,0,1.9444444444444444
696,2223,Fun Kid Racing,Family,4.0,79667,28612316,10000000,Free,0.0,Everyone,Racing,2018-08-03,0,2.303030303030303
697,88,AutoScout24 Switzerland ‚Äì Find your new car,Auto and vehicles,4.6,13372,21010115,1000000,Free,0.0,Everyone,Auto & Vehicles,2018-08-03,0,1.8918918918918919
698,18,FlipaClip - Cartoon animation,Art and design,4.3,194216,40894464,5000000,Free,0.0,Everyone,Art & Design,2018-08-03,0,7.0
699,3357,Evie Launcher,Personalization,4.7,139258,11769090,5000000,Free,0.0,Everyone,Personalization,2018-08-03,0,4.3125
700,1311,Freeletics: Personal Trainer & Fitness Workouts,Health and fitness,4.5,130104,26214400,10000000,Free,0.0,Everyone,Health & Fitness,2018-08-03,0,1.1875
701,1267,30 Day Fitness Challenge - Workout at Home,Health and fitness,4.8,471036,21673327,10000000,Free,0.0,Everyone,Health & Fitness,2018-08-03,0,2.3548387096774195
702,3260,File Manager -- Take Command of Your Files Easily,Tools,4.2,127223,7969177,10000000,Free,0.0,Everyone,Tools,2018-08-03,0,1.2727272727272727
703,5594,Google Voice,Communication,4.2,171052,11849884,10000000,Free,0.0,Everyone,Communication,2018-08-03,0,-0.125
704,2046,Candy Day,Family,4.5,11716,50331648,1000000,Free,0.0,Everyone,Casual,2018-08-03,0,2.0
705,1170,Amex Mobile,Finance,4.3,24729,33554432,1000000,Free,0.0,Everyone,Finance,2018-08-03,0,0.8888888888888888
706,1378,Fooducate Healthy Weight Loss & Calorie Counter,Health and fitness,4.4,14402,21673327,1000000,Free,0.0,Everyone,Health & Fitness,2018-08-03,0,2.5135135135135136
707,1150,Betterment,Finance,4.4,3780,11534336,100000,Free,0.0,Everyone,Finance,2018-08-03,0,1.325
708,1147,Current debit card and app made for teens,Finance,4.3,685,22020096,50000,Free,0.0,Everyone,Finance,2018-08-03,0,3.025
709,3044,Fantasy Football Manager (FPL),Sports,4.4,63650,4823449,1000000,Free,0.0,Everyone,Sports,2018-08-03,0,1.9705882352941178
710,3848,GPS Speedometer and Odometer,Maps and navigation,4.8,15865,3460300,1000000,Free,0.0,Everyone,Maps & Navigation,2018-08-03,0,4.0
711,2768,Etsy: Handmade & Vintage Goods,Shopping,4.3,95520,15728640,10000000,Free,0.0,Teen,Shopping,2018-08-03,13,2.0256410256410255
712,1859,Game of Thrones: Conquest‚Ñ¢,Game,4.0,90218,101711872,1000000,Free,0.0,Teen,Strategy,2018-08-03,13,1.5555555555555556
713,4252,Anger of stick 5 : zombie,Game,4.5,547644,24117248,50000000,Free,0.0,Teen,Action,2018-08-03,13,2.3333333333333335
714,1840,DRAGON BALL LEGENDS,Game,4.6,337913,50331648,5000000,Free,0.0,Teen,Action,2018-08-03,13,3.92814371257485
715,4150,Google,Tools,4.4,8021623,9196251,1000000000,Free,0.0,Everyone,Tools,2018-08-03,0,1.368421052631579
716,3943,Facebook,Social,4.1,78128208,16760299,1000000000,Free,0.0,Teen,Social,2018-08-03,13,-1.128787878787879
717,2982,All Football - Latest News & Videos,Sports,4.6,152867,17825792,10000000,Free,0.0,Everyone,Sports,2018-08-03,0,2.4375
718,794,Brilliant,Education,4.5,41185,18966860,1000000,Free,0.0,Everyone,Education,2018-08-03,0,2.2142857142857144
719,866,Hotstar,Entertainment,4.3,4885646,24120802,100000000,Free,0.0,Teen,Entertainment,2018-08-03,13,-1.59375
720,3755,Flipboard: News For Our Time,News and magazines,4.4,1284017,13075903,500000000,Free,0.0,Everyone 10+,News & Magazines,2018-08-03,10,1.4615384615384615
721,1718,Garena Free Fire,Game,4.5,5465624,55574528,100000000,Free,0.0,Teen,Action,2018-08-03,13,0.36036036036036034
722,3775,Financial Times,News and magazines,4.2,27104,8598323,1000000,Free,0.0,Everyone 10+,News & Magazines,2018-08-03,10,2.3
723,545,Hinge: Dating & Relationships,Dating,4.2,7779,12582912,500000,Free,0.0,Mature 17+,Dating,2018-08-03,17,2.63768115942029
724,1586,Beautiful Design Birthday Cake,Lifestyle,4.3,665,3145728,500000,Free,0.0,Everyone,Lifestyle,2018-08-04,0,1.75
725,1285,Bike Computer - GPS Cycling Tracker,Health and fitness,4.4,12029,4508876,1000000,Free,0.0,Everyone,Health & Fitness,2018-08-04,0,1.9487179487179487
726,1187,Debonairs Pizza,Food and drink,3.8,3320,8808038,500000,Free,0.0,Everyone,Food & Drink,2018-08-04,0,1.0
727,3235,Google Translate,Tools,4.4,5745093,9196251,500000000,Free,0.0,Everyone,Tools,2018-08-04,0,4.0
728,1787,Hello Stars,Game,4.6,101686,32505856,10000000,Free,0.0,Everyone,Puzzle,2018-08-04,0,1.8208955223880596
729,3436,Apex Launcher,Personalization,4.3,266402,11769090,10000000,Free,0.0,Everyone,Personalization,2018-08-04,0,0.5
730,3217,Agoda ‚Äì Hotel Booking Deals,Travel and local,4.6,263525,25380126,10000000,Free,0.0,Everyone,Travel & Local,2018-08-04,0,1.9428571428571428
731,3425,Backgrounds HD (Wallpapers),Personalization,4.6,2390185,11769090,100000000,Free,0.0,Teen,Personalization,2018-08-04,13,2.066666666666667
732,493,Free Dating App & Flirt Chat - Match with Singles,Dating,4.4,172460,3250585,5000000,Free,0.0,Mature 17+,Dating,2018-08-04,17,1.3333333333333333
733,3752,ARY NEWS,News and magazines,4.4,2959,10276044,1000000,Free,0.0,Everyone,News & Magazines,2018-08-04,0,1.303030303030303
734,1617,DIY Garden Ideas,Lifestyle,4.1,3309,13631488,500000,Free,0.0,Everyone,Lifestyle,2018-08-05,0,3.088235294117647
735,1963,Dinosaur Simulator: Dino World,Game,4.0,26649,69206016,5000000,Free,0.0,Teen,Action,2018-08-05,13,0.46153846153846156
736,3177,CWT To Go,Travel and local,4.4,20313,59768832,100000,Free,0.0,Everyone,Travel & Local,2018-08-05,0,1.9473684210526316
737,3319,Hotspot Shield Free VPN Proxy & Wi-Fi Security,Tools,4.2,1116393,8598323,50000000,Free,0.0,Everyone,Tools,2018-08-06,0,1.2352941176470589
738,3229,DreamTrips,Travel and local,4.7,9971,23068672,500000,Free,0.0,Teen,Travel & Local,2018-08-06,13,2.5
739,8439,Duolingo: Learn Languages Free,Family,4.7,6297590,28612316,100000000,Free,0.0,Everyone,Education,2018-08-06,0,4.295833333333333
740,2733,FidMe Loyalty Cards & Deals at Grocery Supermarket,Shopping,4.2,33758,16237426,1000000,Free,0.0,Everyone,Shopping,2018-08-06,0,3.0
741,2698,Flipkart Online Shopping App,Shopping,4.4,6012719,16237426,100000000,Free,0.0,Teen,Shopping,2018-08-06,13,1.8214285714285714
742,2984,Eurosport,Sports,4.0,121003,25226801,10000000,Free,0.0,Everyone,Sports,2018-08-06,0,-0.39473684210526316
743,3232,Google Street View,Travel and local,4.2,2129707,25380126,1000000000,Free,0.0,Everyone,Travel & Local,2018-08-06,0,-1.0
744,1954,Arrow.io,Game,4.5,343263,43791098,10000000,Free,0.0,Everyone 10+,Action,2018-08-06,10,1.736842105263158
745,3041,FanDuel: Daily Fantasy Sports,Sports,4.6,29673,59768832,1000000,Free,0.0,Mature 17+,Sports,2018-08-06,17,3.4545454545454546
746,2081,Fuzzy Seasons: Animal Forest,Family,4.8,12137,66060288,100000,Free,0.0,Everyone 10+,Simulation,2018-08-06,10,6.357142857142857
747,3811,CNN Breaking US & World News,News and magazines,4.0,293080,26214400,10000000,Free,0.0,Everyone 10+,News & Magazines,2018-08-06,10,0.20535714285714285
748,10200,Facebook Pages Manager,Business,4.0,1279800,14540488,50000000,Free,0.0,Everyone,Business,2018-08-06,0,-0.20588235294117646
749,3628,AccuWeather: Daily Forecast & Live Weather Reports,Weather,4.4,2053404,13295725,50000000,Free,0.0,Everyone,Weather,2018-08-06,0,1.375
750,9862,A+ Gallery - Photos & Videos,Photography,4.5,223941,16500391,10000000,Free,0.0,Everyone,Photography,2018-08-06,0,1.4390243902439024
751,3601,Baby Name Together,Parenting,4.0,464,25165824,100000,Free,0.0,Everyone,Parenting,2018-08-06,0,2.324324324324324
752,3156,Booking.com Travel Deals,Travel and local,4.7,1830387,25380126,100000000,Free,0.0,Everyone,Travel & Local,2018-08-06,0,0.21666666666666667
753,3512,Dashlane Free Password Manager,Productivity,4.6,73695,12911877,1000000,Free,0.0,Everyone,Productivity,2018-08-06,0,7.0
754,3545,Google Keep,Productivity,4.4,691474,12911877,100000000,Free,0.0,Everyone,Productivity,2018-08-06,0,1.8583333333333334
755,2884,Google Photos,Photography,4.5,10859051,16500391,1000000000,Free,0.0,Everyone,Photography,2018-08-06,0,1.8952879581151831
756,3534,Google Slides,Productivity,4.2,244567,12911877,100000000,Free,0.0,Everyone,Productivity,2018-08-06,0,6.0
757,9853,Amino: Communities and Chats,Social,4.8,1264084,65011712,10000000,Free,0.0,Teen,Social,2018-08-07,13,1.7428571428571429
